season;hours;home_team;away_team;risultato;quota_1;quota_x;quota_2
2024;20:45;Atalanta;Inter;0-2;2.61;3.19;2.78
2024;18:00;Fiorentina;Juventus;3-0;3.31;3.05;2.35
2024;16:00;Roma;Cagliari;1-0;1.48;4.25;6.95
2024;15:00;Bologna;Lazio;5-0;2.28;2.94;3.60
2024;12:30;Venezia;Napoli;0-0;7.47;4.23;1.46
2024;20:45;Torino;Empoli;1-0;1.86;3.29;4.63
2024;18:00;Milan;Como;2-1;1.78;3.74;4.41
2024;15:00;Monza;Parma;1-1;3.07;3.23;2.38
2024;15:00;Udinese;Verona;0-1;1.77;3.44;5.02
2024;20:45;Genoa;Lecce;2-1;2.08;2.95;4.26
2024;20:45;Lazio;Udinese;1-1;1.83;3.43;4.70
2024;20:45;Juventus;Atalanta;0-4;2.67;3.04;2.84
2024;18:00;Empoli;Roma;0-1;3.98;3.17;2.05
2024;15:00;Napoli;Fiorentina;2-1;1.57;3.75;6.53
2024;12:30;Verona;Bologna;1-2;5.38;3.39;1.74
2024;20:45;Inter;Monza;3-2;1.13;8.46;19.14
2024;18:00;Lecce;Milan;2-3;4.58;3.54;1.80
2024;15:00;Como;Venezia;1-1;1.61;3.76;5.91
2024;15:00;Parma;Torino;2-2;3.35;3.16;2.27
2024;20:45;Cagliari;Genoa;1-1;2.48;2.90;3.24
2024;20:45;Juventus;Verona;2-0;1.32;5.05;10.27
2024;20:45;Milan;Lazio;1-2;2.12;3.42;3.44
2024;18:00;Roma;Como;2-1;1.98;3.30;4.05
2024;15:00;Bologna;Cagliari;2-1;1.71;3.51;5.39
2024;15:00;Genoa;Empoli;1-1;1.91;3.17;4.61
2024;12:30;Monza;Torino;0-2;4.45;3.25;1.91
2024;20:45;Udinese;Parma;1-0;1.87;3.50;4.25
2024;18:00;Napoli;Inter;1-1;3.09;3.09;2.44
2024;15:00;Atalanta;Venezia;0-0;1.19;6.90;14.13
2024;20:45;Fiorentina;Lecce;1-0;1.88;3.24;4.66
2024;20:45;Bologna;Milan;2-1;2.91;3.17;2.52
2024;20:45;Roma;Monza;4-0;1.26;5.67;11.69
2024;20:45;Cagliari;Juventus;0-1;4.63;3.39;1.84
2024;18:00;Empoli;Atalanta;0-5;6.46;4.34;1.49
2024;15:00;Verona;Fiorentina;1-0;3.79;3.25;2.06
2024;12:30;Como;Napoli;2-1;3.53;3.04;2.25
2024;20:45;Inter;Genoa;1-0;1.30;5.27;10.99
2024;18:00;Torino;Milan;2-1;4.03;3.57;1.89
2024;15:00;Parma;Bologna;2-0;4.61;3.58;1.79
2024;15:00;Venezia;Lazio;0-0;5.58;3.97;1.60
2024;20:45;Lecce;Udinese;0-1;2.97;2.95;2.62
2024;20:45;Genoa;Venezia;2-0;1.81;3.29;4.95
2024;20:45;Juventus;Inter;1-0;3.82;3.26;2.06
2024;18:00;Parma;Roma;0-1;3.67;3.31;2.07
2024;15:00;Monza;Lecce;0-0;2.78;3.02;2.73
2024;15:00;Udinese;Empoli;3-0;1.88;3.34;4.42
2024;12:30;Fiorentina;Como;0-2;2.36;3.12;3.22
2024;20:45;Milan;Verona;1-0;1.34;5.10;8.77
2024;18:00;Lazio;Napoli;2-2;2.42;3.02;3.21
2024;15:00;Atalanta;Cagliari;0-0;1.50;4.29;6.37
2024;20:45;Bologna;Torino;3-2;1.75;3.32;5.43
2024;20:45;Inter;Fiorentina;2-1;1.46;4.54;6.80
2024;20:45;Napoli;Udinese;1-1;1.43;4.28;8.03
2024;18:00;Lecce;Bologna;0-0;4.38;3.19;1.95
2024;15:00;Cagliari;Parma;2-1;1.92;3.53;3.97
2024;15:00;Lazio;Monza;5-1;1.28;5.73;10.12
2024;12:30;Venezia;Roma;0-1;4.32;3.55;1.84
2024;20:45;Torino;Genoa;1-1;2.38;2.83;3.52
2024;18:00;Empoli;Milan;0-2;5.27;3.82;1.66
2024;15:00;Verona;Atalanta;0-5;7.19;4.38;1.45
2024;20:45;Como;Juventus;1-2;3.51;3.28;2.15
2024;20:45;Fiorentina;Inter;3-0;4.88;3.51;1.76
2024;20:45;Cagliari;Lazio;1-2;3.82;3.43;2.00
2024;20:45;Roma;Napoli;1-1;3.61;3.23;2.14
2024;18:00;Milan;Inter;1-1;4.31;3.49;1.86
2024;15:00;Fiorentina;Genoa;2-1;1.85;3.47;4.42
2024;12:30;Juventus;Empoli;4-1;1.40;4.62;8.04
2024;20:45;Bologna;Como;2-0;1.96;3.33;4.05
2024;18:00;Atalanta;Torino;1-1;1.53;4.00;6.34
2024;15:00;Monza;Verona;0-1;2.42;2.98;3.22
2024;15:00;Udinese;Venezia;3-2;1.75;3.57;4.84
2024;20:45;Parma;Lecce;1-3;2.42;3.15;3.08
2024;20:45;Genoa;Monza;2-0;2.30;2.98;3.50
2024;18:30;Venezia;Verona;1-1;2.25;3.31;3.24
2024;20:45;Lazio;Fiorentina;1-2;2.09;3.33;3.58
2024;18:00;Lecce;Inter;0-4;9.67;5.08;1.32
2024;15:00;Udinese;Roma;1-2;3.03;3.20;2.41
2024;12:30;Milan;Parma;3-2;1.26;6.26;9.93
2024;20:45;Empoli;Bologna;1-1;3.98;3.15;2.06
2024;18:00;Napoli;Juventus;2-1;2.53;2.86;3.22
2024;15:00;Como;Atalanta;1-2;4.06;3.57;1.89
2024;20:45;Torino;Cagliari;2-0;2.24;3.03;3.55
2024;20:45;Como;Udinese;4-1;2.11;3.26;3.62
2024;20:45;Inter;Empoli;3-1;1.30;5.26;10.25
2024;18:00;Verona;Lazio;0-3;4.84;3.64;1.75
2024;15:00;Cagliari;Lecce;4-1;1.91;3.32;4.35
2024;15:00;Parma;Venezia;1-1;2.18;3.40;3.30
2024;12:30;Fiorentina;Torino;1-1;1.76;3.48;5.03
2024;20:45;Atalanta;Napoli;2-3;2.31;3.13;3.30
2024;18:00;Juventus;Milan;2-0;2.33;3.07;3.32
2024;15:00;Bologna;Monza;3-1;1.57;3.79;6.49
2024;20:45;Roma;Genoa;3-1;1.47;4.15;7.33
2024;20:45;Inter;Bologna;2-2;1.51;4.11;6.70
2024;20:45;Atalanta;Juventus;1-1;2.11;3.10;3.79
2024;18:30;Como;Milan;1-2;4.41;3.56;1.81
2024;20:45;Monza;Fiorentina;2-1;4.33;3.36;1.89
2024;20:45;Napoli;Verona;2-0;1.31;5.07;10.06
2024;18:00;Bologna;Roma;2-2;2.68;3.10;2.75
2024;15:00;Venezia;Inter;0-1;9.45;5.05;1.33
2024;12:30;Genoa;Parma;1-0;1.97;3.28;4.08
2024;20:45;Milan;Cagliari;1-1;1.32;5.34;9.22
2024;18:00;Torino;Juventus;1-1;4.36;2.97;2.04
2024;15:00;Empoli;Lecce;1-3;2.04;3.06;4.16
2024;15:00;Udinese;Atalanta;0-0;5.73;3.81;1.62
2024;20:45;Lazio;Como;1-1;2.01;3.38;3.81
2024;20:45;Roma;Lazio;2-0;2.53;3.01;3.06
2024;18:00;Torino;Parma;0-0;1.75;3.54;5.03
2024;15:00;Lecce;Genoa;0-0;2.88;2.92;2.72
2024;12:30;Monza;Cagliari;1-2;2.40;3.10;3.13
2024;20:45;Verona;Udinese;0-0;3.15;2.94;2.50
2024;18:00;Fiorentina;Napoli;0-3;3.40;3.02;2.31
2024;15:00;Venezia;Empoli;1-1;2.57;3.00;2.98
2024;20:45;Bologna;Verona;2-3;1.52;3.90;6.99
2024;18:30;Como;Lecce;2-0;1.64;3.68;5.65
2024;20:45;Milan;Roma;1-1;2.36;3.10;3.23
2024;18:00;Juventus;Fiorentina;2-2;1.88;3.28;4.50
2024;15:00;Napoli;Venezia;1-0;1.26;5.62;11.75
2024;12:30;Udinese;Torino;2-2;2.30;2.90;3.62
2024;20:45;Lazio;Atalanta;1-1;3.13;3.15;2.37
2024;18:00;Cagliari;Inter;0-3;8.01;4.86;1.37
2024;15:00;Empoli;Genoa;1-2;2.50;2.81;3.30
2024;15:00;Parma;Monza;2-1;2.57;3.21;2.81
2024;20:45;Inter;Como;2-0;1.33;5.08;9.39
2024;18:30;Fiorentina;Udinese;1-2;1.58;3.93;5.80
2024;20:45;Monza;Juventus;1-2;6.83;3.68;1.57
2024;18:00;Atalanta;Empoli;3-2;1.26;5.88;10.42
2024;15:00;Venezia;Cagliari;2-1;2.55;3.17;2.85
2024;12:30;Roma;Parma;5-0;1.37;4.93;8.01
2024;20:45;Lecce;Lazio;1-2;5.89;3.89;1.58
2024;18:00;Genoa;Napoli;1-2;5.70;3.47;1.68
2024;15:00;Torino;Bologna;0-2;3.52;2.81;2.39
2024;20:45;Verona;Milan;0-1;5.68;3.81;1.61
2024;20:45;Lazio;Inter;0-6;3.49;3.25;2.17
2024;20:45;Milan;Genoa;0-0;1.51;4.14;6.59
2024;18:00;Como;Roma;2-0;3.78;3.27;2.05
2024;15:00;Bologna;Fiorentina;1-0;2.73;3.01;2.80
2024;15:00;Parma;Verona;2-3;2.07;3.27;3.70
2024;12:30;Lecce;Monza;2-1;2.67;2.96;2.91
2024;20:45;Juventus;Venezia;2-2;1.36;4.70;9.35
2024;18:00;Udinese;Napoli;1-3;5.35;3.47;1.72
2024;15:00;Cagliari;Atalanta;0-1;5.67;4.10;1.57
2024;20:45;Empoli;Torino;0-1;2.62;2.79;3.15
2024;20:45;Monza;Udinese;1-2;2.71;2.87;2.95
2024;20:45;Napoli;Lazio;0-1;1.80;3.48;4.75
2024;18:00;Venezia;Como;2-2;2.79;3.13;2.64
2024;15:00;Verona;Empoli;1-4;2.70;2.73;3.14
2024;12:30;Fiorentina;Cagliari;1-0;1.54;4.12;6.05
2024;20:45;Roma;Lecce;4-1;1.50;4.06;7.13
2024;18:00;Juventus;Bologna;2-2;1.79;3.28;5.28
2024;15:00;Genoa;Torino;0-0;2.48;2.95;3.21
2024;20:45;Atalanta;Milan;2-1;2.12;3.43;3.42
2024;18:30;Inter;Parma;3-1;1.18;7.82;13.36
2024;20:45;Roma;Atalanta;0-2;3.53;3.37;2.10
2024;20:45;Lecce;Juventus;1-1;6.45;3.46;1.64
2024;15:00;Parma;Lazio;3-1;4.65;3.77;1.74
2024;15:00;Torino;Napoli;0-1;5.69;3.46;1.69
2024;12:30;Udinese;Genoa;0-2;1.96;3.32;4.13
2024;20:45;Bologna;Venezia;3-0;1.85;3.41;4.52
2024;18:00;Milan;Empoli;3-0;1.32;5.10;9.76
2024;15:00;Como;Monza;1-1;1.90;3.38;4.27
2024;20:45;Cagliari;Verona;1-0;1.95;3.34;4.08
2024;20:45;Venezia;Lecce;0-1;2.19;3.18;3.52
2024;18:30;Empoli;Udinese;1-1;2.99;2.81;2.74
2024;20:45;Lazio;Bologna;3-0;1.81;3.46;4.70
2024;18:00;Napoli;Roma;1-0;1.70;3.56;5.50
2024;15:00;Como;Fiorentina;0-2;3.98;3.44;1.95
2024;15:00;Torino;Monza;1-1;2.10;2.98;4.10
2024;12:30;Genoa;Cagliari;2-2;2.48;3.14;3.01
2024;20:45;Parma;Atalanta;1-3;5.72;4.31;1.54
2024;18:00;Milan;Juventus;0-0;2.33;3.14;3.28
2024;15:00;Verona;Inter;0-5;7.48;4.35;1.45
2024;20:45;Inter;Napoli;1-1;1.79;3.68;4.48
2024;18:00;Monza;Lazio;0-1;5.10;3.41;1.77
2024;15:00;Roma;Bologna;2-3;2.16;3.20;3.60
2024;15:00;Fiorentina;Verona;3-1;1.48;4.36;6.62
2024;12:30;Atalanta;Udinese;2-1;1.44;4.42;7.53
2024;20:45;Juventus;Torino;2-0;1.57;3.59;7.29
2024;18:00;Cagliari;Milan;3-3;5.07;3.95;1.65
2024;15:00;Venezia;Parma;1-2;2.19;3.46;3.23
2024;20:45;Lecce;Empoli;1-1;2.28;2.90;3.69
2024;20:45;Genoa;Como;1-1;3.26;3.02;2.41
2024;20:45;Lazio;Cagliari;2-1;1.53;4.14;6.28
2024;18:30;Empoli;Como;1-0;2.82;3.00;2.74
2024;18:30;Parma;Genoa;0-1;1.79;3.69;4.46
2024;20:45;Inter;Venezia;1-0;1.17;7.68;14.33
2024;18:00;Verona;Roma;3-2;4.80;3.48;1.79
2024;15:00;Torino;Fiorentina;0-1;3.64;3.12;2.19
2024;12:30;Napoli;Atalanta;0-3;2.27;3.17;3.35
2024;20:45;Monza;Milan;0-1;5.91;3.80;1.61
2024;18:00;Udinese;Juventus;0-2;4.26;3.15;1.99
2024;15:00;Bologna;Lecce;1-0;1.76;3.45;5.09
2024;20:45;Roma;Torino;1-0;1.80;3.52;4.67
2024;20:45;Como;Lazio;1-5;3.13;3.18;2.37
2024;18:30;Genoa;Fiorentina;0-1;5.13;3.77;1.69
2024;20:45;Atalanta;Monza;2-0;1.30;5.43;10.36
2024;20:45;Juventus;Parma;2-2;1.44;4.64;7.03
2024;18:30;Empoli;Inter;0-3;8.44;4.61;1.40
2024;18:30;Venezia;Udinese;3-2;2.69;3.10;2.79
2024;20:45;Milan;Napoli;0-2;2.76;3.22;2.62
2024;18:30;Cagliari;Bologna;0-2;3.27;3.25;2.27
2024;18:30;Lecce;Verona;1-0;2.25;3.09;3.48
2024;20:45;Fiorentina;Roma;5-1;2.51;3.20;2.91
2024;18:00;Inter;Juventus;4-4;1.80;3.50;4.74
2024;15:00;Lazio;Genoa;3-0;1.41;4.60;7.93
2024;15:00;Monza;Venezia;2-2;2.10;3.28;3.63
2024;12:30;Parma;Empoli;1-1;2.15;3.35;3.43
2024;20:45;Atalanta;Verona;6-1;1.28;5.60;10.96
2024;15:00;Napoli;Lecce;1-0;1.31;5.23;9.92
2024;20:45;Torino;Como;1-0;2.67;2.97;2.90
2024;18:30;Udinese;Cagliari;2-0;2.23;3.06;3.55
2024;20:45;Verona;Monza;0-3;2.36;2.98;3.36
2024;20:45;Roma;Inter;0-1;4.00;3.48;1.94
2024;18:00;Cagliari;Torino;3-2;2.42;2.98;3.25
2024;15:00;Lecce;Fiorentina;0-6;3.32;3.15;2.30
2024;15:00;Venezia;Atalanta;0-2;6.19;4.51;1.49
2024;12:30;Empoli;Napoli;0-1;5.50;3.62;1.68
2024;20:45;Juventus;Lazio;1-0;2.09;3.15;3.88
2024;18:00;Milan;Udinese;1-0;1.36;5.02;8.27
2024;15:00;Como;Parma;1-1;1.77;3.84;4.38
2024;15:00;Genoa;Bologna;2-2;4.13;3.18;2.01
2024;20:45;Fiorentina;Milan;2-1;3.52;3.64;2.01
2024;18:00;Monza;Roma;1-1;4.11;3.27;1.98
2024;15:00;Bologna;Parma;0-0;1.97;3.58;3.75
2024;15:00;Lazio;Empoli;2-1;1.59;3.90;5.99
2024;12:30;Juventus;Cagliari;1-1;1.49;4.19;7.04
2024;20:45;Inter;Torino;3-2;1.31;5.21;9.91
2024;18:00;Atalanta;Genoa;5-1;1.43;4.67;7.24
2024;15:00;Udinese;Lecce;1-0;2.59;2.95;3.06
2024;20:45;Verona;Venezia;2-1;2.53;3.14;2.93
2024;18:30;Napoli;Como;3-1;1.48;4.35;6.71
2024;20:45;Parma;Cagliari;2-3;2.01;3.56;3.60
2024;20:45;Napoli;Monza;2-0;1.30;5.37;10.09
2024;18:00;Empoli;Fiorentina;0-0;3.46;3.22;2.21
2024;15:00;Roma;Venezia;2-1;1.45;4.51;7.12
2024;15:00;Como;Verona;3-2;1.90;3.37;4.33
2024;12:30;Torino;Lazio;2-3;3.03;3.05;2.51
2024;20:45;Bologna;Atalanta;1-1;2.91;3.10;2.58
2024;18:00;Genoa;Juventus;0-3;5.40;3.31;1.76
2024;15:00;Udinese;Inter;2-3;7.42;4.49;1.44
2024;20:45;Milan;Lecce;3-0;1.29;5.80;9.66
2024;20:45;Atalanta;Como;2-3;1.50;4.47;6.18
2024;20:45;Inter;Milan;1-2;1.69;3.82;5.08
2024;18:00;Roma;Udinese;3-0;1.69;3.93;4.90
2024;15:00;Monza;Bologna;1-2;3.16;2.89;2.55
2024;12:30;Fiorentina;Lazio;2-1;2.35;3.23;3.11
2024;20:45;Lecce;Parma;2-2;2.10;3.40;3.55
2024;18:00;Juventus;Napoli;0-0;2.41;3.10;3.16
2024;15:00;Venezia;Genoa;2-0;2.92;3.07;2.59
2024;20:45;Verona;Torino;2-3;2.84;2.89;2.80
2024;18:30;Cagliari;Empoli;0-2;2.06;3.24;3.84
2024;20:45;Lazio;Verona;2-1;1.56;3.99;6.11
2024;18:30;Parma;Udinese;2-3;2.20;3.35;3.31
2024;20:45;Monza;Inter;1-1;8.65;4.88;1.37
2024;18:00;Cagliari;Napoli;0-4;4.54;3.70;1.78
2024;15:00;Atalanta;Fiorentina;3-2;1.84;3.55;4.37
2024;15:00;Torino;Lecce;0-0;1.90;3.29;4.48
2024;12:30;Genoa;Roma;1-1;3.47;3.22;2.20
2024;20:45;Milan;Venezia;4-0;1.25;6.20;10.73
2024;18:00;Empoli;Juventus;0-0;6.02;3.68;1.62
2024;15:00;Como;Bologna;2-2;2.95;3.05;2.58
2024;20:45;Juventus;Roma;0-0;1.76;3.59;4.88
2024;20:45;Udinese;Como;1-0;2.27;3.19;3.36
2024;18:30;Fiorentina;Monza;2-2;1.83;3.43;4.73
2024;18:30;Genoa;Verona;0-2;2.08;3.18;3.87
2024;20:45;Lazio;Milan;2-2;2.79;3.31;2.55
2024;20:45;Napoli;Parma;2-1;1.42;4.77;7.20
2024;18:30;Bologna;Empoli;1-1;1.71;3.55;5.40
2024;18:30;Lecce;Cagliari;1-0;2.24;3.10;3.51
2024;20:45;Inter;Atalanta;4-0;1.51;4.41;6.26
2024;18:30;Venezia;Torino;0-1;3.37;3.23;2.24
2024;20:45;Verona;Juventus;0-3;4.66;3.41;1.84
2024;18:30;Cagliari;Como;1-1;2.24;3.27;3.33
2024;20:45;Roma;Empoli;1-2;1.45;4.37;7.42
2024;20:45;Napoli;Bologna;3-0;1.95;3.33;4.11
2024;18:30;Fiorentina;Venezia;0-0;1.45;4.61;6.86
2024;18:30;Torino;Atalanta;2-1;3.55;3.23;2.17
2024;20:45;Inter;Lecce;2-0;1.20;6.80;14.54
2024;20:45;Monza;Genoa;0-1;2.66;3.03;2.86
2024;18:30;Parma;Milan;2-1;5.29;4.10;1.61
2024;18:30;Udinese;Lazio;2-1;3.31;3.09;2.34
2024;20:45;Juventus;Como;3-0;1.53;4.11;6.52
2024;18:30;Lecce;Atalanta;0-4;3.53;3.33;2.13
2024;20:45;Cagliari;Roma;0-0;3.64;3.41;2.07
2024;20:45;Lazio;Venezia;3-1;1.40;4.62;8.40
2024;18:30;Bologna;Udinese;1-1;2.04;3.20;4.00
2024;18:30;Verona;Napoli;3-0;5.18;3.65;1.70
2024;20:45;Milan;Torino;2-2;1.51;4.29;6.44
2024;20:45;Empoli;Monza;0-0;2.45;3.08;3.10
2024;18:30;Genoa;Inter;2-2;6.99;4.20;1.49
2024;18:30;Parma;Fiorentina;1-1;3.53;3.31;2.14
2023;18:00;Atalanta;Fiorentina;2-3;1.57;4.38;5.23
2023;20:45;Empoli;Roma;2-1;2.17;3.54;3.13
2023;20:45;Frosinone;Udinese;0-1;2.51;3.02;3.00
2023;20:45;Lazio;Sassuolo;1-1;1.31;5.45;8.83
2023;20:45;Verona;Inter;2-2;6.75;4.97;1.41
2023;18:00;Atalanta;Torino;3-0;2.44;3.50;2.71
2023;18:00;Napoli;Lecce;0-0;1.35;5.23;7.73
2023;20:45;Milan;Salernitana;3-3;1.11;9.79;18.11
2023;18:00;Juventus;Monza;2-0;1.52;4.44;5.64
2023;20:45;Genoa;Bologna;2-0;2.85;3.18;2.54
2023;20:45;Cagliari;Fiorentina;2-3;4.74;3.82;1.70
2023;20:45;Bologna;Juventus;3-3;2.72;3.04;2.77
2023;18:30;Salernitana;Verona;1-2;5.10;3.88;1.66
2023;20:45;Roma;Genoa;1-0;1.45;4.43;6.92
2023;18:00;Inter;Lazio;1-1;1.54;4.36;5.55
2023;15:00;Monza;Frosinone;0-1;2.97;3.46;2.30
2023;15:00;Udinese;Empoli;1-1;1.93;3.19;4.33
2023;12:30;Sassuolo;Cagliari;0-2;2.48;3.30;2.86
2023;20:45;Torino;Milan;3-1;2.55;3.08;2.95
2023;18:00;Lecce;Atalanta;0-2;3.68;3.55;1.98
2023;20:45;Fiorentina;Napoli;2-2;2.10;3.42;3.45
2023;20:45;Fiorentina;Monza;2-1;1.49;4.38;6.22
2023;18:30;Lecce;Udinese;0-2;3.07;2.99;2.48
2023;20:45;Atalanta;Roma;2-1;1.87;3.71;3.96
2023;18:00;Juventus;Salernitana;1-1;1.14;8.46;16.45
2023;15:00;Genoa;Sassuolo;2-1;2.29;3.33;3.13
2023;15:00;Verona;Torino;1-2;3.08;2.86;2.59
2023;12:30;Lazio;Empoli;2-0;1.64;3.78;5.55
2023;20:45;Milan;Cagliari;5-1;1.57;4.26;5.45
2023;18:00;Napoli;Bologna;0-2;1.92;3.38;4.17
2023;20:45;Frosinone;Inter;0-5;4.23;3.88;1.77
2023;20:45;Udinese;Napoli;1-1;3.79;3.68;1.91
2023;18:00;Salernitana;Atalanta;1-2;10.10;5.93;1.27
2023;20:45;Roma;Juventus;1-1;2.91;3.14;2.57
2023;18:00;Milan;Genoa;3-3;1.42;4.78;7.01
2023;15:00;Empoli;Frosinone;0-0;2.47;3.17;2.97
2023;15:00;Verona;Fiorentina;2-1;3.39;3.19;2.24
2023;12:30;Cagliari;Lecce;1-1;2.13;3.14;3.72
2023;20:45;Sassuolo;Inter;1-0;5.94;4.55;1.49
2023;18:00;Monza;Lazio;2-2;4.48;3.60;1.80
2023;20:45;Torino;Bologna;0-0;2.78;2.89;2.85
2023;20:45;Genoa;Cagliari;3-0;2.17;3.15;3.62
2023;20:45;Fiorentina;Sassuolo;5-1;1.56;4.11;5.66
2023;18:00;Atalanta;Empoli;2-0;1.46;4.46;6.82
2023;18:00;Napoli;Roma;2-2;1.95;3.54;3.84
2023;15:00;Bologna;Udinese;1-1;1.62;3.70;5.94
2023;12:30;Inter;Torino;2-0;1.55;3.95;6.19
2023;20:45;Lazio;Verona;1-0;1.60;3.92;5.66
2023;18:00;Juventus;Milan;0-0;2.15;3.21;3.63
2023;15:00;Lecce;Monza;1-1;1.99;3.25;4.02
2023;20:45;Frosinone;Salernitana;3-0;1.36;4.98;8.12
2023;20:00;Udinese;Roma;1-2;6.06;1.79;3.00
2023;20:45;Milan;Inter;1-2;3.75;3.39;2.03
2023;18:30;Roma;Bologna;1-3;2.34;2.92;3.50
2023;20:45;Monza;Atalanta;1-2;3.93;3.68;1.89
2023;18:00;Salernitana;Fiorentina;0-2;5.50;4.06;1.59
2023;15:00;Torino;Frosinone;0-0;1.68;3.70;5.17
2023;12:30;Sassuolo;Lecce;0-3;2.28;3.25;3.24
2023;20:45;Verona;Udinese;1-0;2.75;2.90;2.88
2023;18:00;Empoli;Napoli;1-0;5.00;3.96;1.66
2023;20:45;Cagliari;Juventus;2-2;4.67;3.38;1.83
2023;18:30;Genoa;Lazio;0-1;3.12;3.06;2.44
2023;20:45;Atalanta;Verona;2-2;1.45;4.60;6.95
2023;18:30;Fiorentina;Genoa;1-1;1.82;3.42;4.67
2023;20:45;Inter;Cagliari;2-2;1.17;7.35;15.50
2023;15:00;Sassuolo;Milan;3-3;4.38;3.86;1.75
2023;12:30;Napoli;Frosinone;2-2;1.32;5.55;8.53
2023;20:45;Bologna;Monza;0-0;1.51;3.99;6.78
2023;18:00;Torino;Juventus;0-0;3.72;2.86;2.29
2023;15:00;Lecce;Empoli;1-0;2.15;2.94;3.97
2023;20:45;Lazio;Salernitana;4-1;1.32;5.15;9.52
2023;20:45;Udinese;Inter;1-2;7.83;4.68;1.40
2023;20:45;Juventus;Fiorentina;1-0;1.73;3.52;5.18
2023;18:00;Cagliari;Atalanta;2-1;4.74;3.74;1.74
2023;18:00;Verona;Genoa;1-2;2.66;2.88;3.00
2023;15:00;Monza;Napoli;2-4;4.45;3.74;1.78
2023;12:30;Frosinone;Bologna;0-0;4.20;3.47;1.89
2023;20:45;Empoli;Torino;3-2;3.63;3.12;2.18
2023;18:00;Roma;Lazio;1-0;2.10;3.15;3.82
2023;15:00;Milan;Lecce;3-0;1.33;5.20;9.05
2023;20:45;Salernitana;Sassuolo;2-2;3.20;3.46;2.20
2023;20:45;Inter;Empoli;2-0;1.17;7.54;14.90
2023;18:00;Lecce;Roma;0-0;3.84;3.05;2.14
2023;15:00;Cagliari;Verona;1-1;2.15;3.08;3.78
2023;15:00;Sassuolo;Udinese;1-1;2.83;3.20;2.57
2023;12:30;Bologna;Salernitana;3-0;1.28;5.53;11.24
2023;20:45;Fiorentina;Milan;1-2;3.03;3.31;2.38
2023;18:00;Lazio;Juventus;1-0;3.27;3.06;2.37
2023;15:00;Genoa;Frosinone;1-1;1.90;3.49;4.09
2023;15:00;Torino;Monza;1-0;1.87;3.28;4.63
2023;12:30;Napoli;Atalanta;0-3;2.14;3.47;3.34
2023;20:45;Inter;Napoli;1-1;1.54;4.22;5.87
2023;18:00;Roma;Sassuolo;1-0;1.40;4.70;7.94
2023;15:00;Verona;Milan;1-3;5.84;3.86;1.60
2023;12:30;Juventus;Genoa;0-0;1.48;4.07;7.51
2023;20:45;Frosinone;Lazio;2-3;3.27;3.37;2.21
2023;18:00;Salernitana;Lecce;0-1;3.45;3.21;2.21
2023;15:00;Monza;Cagliari;1-0;1.98;3.44;3.83
2023;15:00;Udinese;Torino;0-2;2.94;2.90;2.70
2023;20:45;Empoli;Bologna;0-1;4.02;3.18;2.03
2023;20:45;Lazio;Udinese;1-2;1.86;3.40;4.50
2023;20:45;Fiorentina;Roma;2-2;2.55;3.22;2.85
2023;18:00;Juventus;Atalanta;2-2;2.24;3.17;3.41
2023;15:00;Milan;Empoli;1-0;1.41;4.62;7.77
2023;12:30;Lecce;Verona;0-1;2.17;3.10;3.69
2023;20:45;Genoa;Monza;2-3;2.12;3.14;3.74
2023;18:00;Bologna;Inter;0-1;3.76;3.24;2.09
2023;15:00;Cagliari;Salernitana;4-2;1.83;3.54;4.44
2023;15:00;Sassuolo;Frosinone;1-0;2.37;3.42;2.92
2023;20:45;Napoli;Torino;1-1;1.70;3.60;5.32
2023;20:45;Inter;Genoa;2-1;1.25;5.85;12.50
2023;20:45;Napoli;Juventus;2-1;2.28;3.13;3.39
2023;18:00;Atalanta;Bologna;1-2;2.01;3.43;3.80
2023;15:00;Empoli;Cagliari;0-1;2.24;3.26;3.35
2023;15:00;Frosinone;Lecce;1-1;2.31;3.25;3.19
2023;12:30;Verona;Sassuolo;1-0;2.37;3.32;3.02
2023;20:45;Torino;Fiorentina;0-0;2.55;2.97;3.08
2023;18:00;Monza;Roma;1-4;3.75;3.34;2.05
2023;15:00;Udinese;Salernitana;1-1;1.66;3.71;5.54
2023;20:45;Lazio;Milan;0-1;3.24;3.18;2.32
2023;20:45;Inter;Atalanta;4-0;1.61;3.95;5.56
2023;18:00;Sassuolo;Napoli;1-6;4.25;3.87;1.79
2023;20:45;Fiorentina;Lazio;2-1;2.13;3.22;3.64
2023;18:30;Roma;Torino;3-2;1.97;3.20;4.31
2023;20:45;Milan;Atalanta;1-1;2.35;3.42;2.97
2023;18:00;Lecce;Inter;0-4;6.87;4.32;1.47
2023;15:00;Cagliari;Napoli;1-1;4.39;3.72;1.79
2023;12:30;Juventus;Frosinone;3-2;1.31;5.43;9.34
2023;20:45;Genoa;Udinese;2-0;2.46;2.92;3.25
2023;18:00;Salernitana;Monza;0-2;3.26;3.20;2.30
2023;15:00;Sassuolo;Empoli;2-3;2.23;3.31;3.27
2023;20:45;Bologna;Verona;2-0;1.59;3.71;6.36
2023;20:45;Torino;Lazio;0-2;2.72;2.88;2.91
2023;20:45;Monza;Milan;4-2;4.87;3.56;1.74
2023;18:00;Frosinone;Roma;0-3;3.61;3.56;1.99
2023;15:00;Empoli;Fiorentina;1-1;3.61;3.30;2.09
2023;15:00;Udinese;Cagliari;1-1;1.85;3.45;4.36
2023;12:30;Lazio;Bologna;1-2;2.48;2.97;3.13
2023;20:45;Atalanta;Sassuolo;3-0;1.31;5.52;8.91
2023;18:00;Verona;Juventus;2-2;5.76;3.48;1.67
2023;15:00;Napoli;Genoa;1-1;1.71;3.59;5.21
2023;21:00;Inter;Salernitana;4-0;1.12;9.14;20.56
2023;19:00;Torino;Lecce;2-0;1.84;3.31;4.77
2023;19:00;Bologna;Fiorentina;2-0;2.47;3.08;3.07
2023;20:45;Juventus;Udinese;0-1;1.44;4.22;8.05
2023;20:45;Milan;Napoli;1-0;1.94;3.49;3.93
2023;18:00;Genoa;Atalanta;1-4;3.97;3.26;2.00
2023;15:00;Bologna;Lecce;4-0;1.65;3.61;5.73
2023;15:00;Monza;Verona;0-0;2.24;3.13;3.42
2023;12:30;Fiorentina;Frosinone;5-1;1.52;4.36;5.91
2023;20:45;Sassuolo;Torino;1-1;3.30;3.22;2.25
2023;18:00;Roma;Inter;2-4;4.36;3.52;1.84
2023;15:00;Cagliari;Lazio;1-3;3.57;3.24;2.13
2023;20:45;Salernitana;Empoli;1-3;2.35;3.11;3.21
2023;20:45;Roma;Cagliari;4-0;1.46;4.32;7.17
2023;20:45;Inter;Juventus;1-0;1.83;3.43;4.65
2023;18:00;Atalanta;Lazio;3-1;2.01;3.28;3.91
2023;15:00;Napoli;Verona;2-1;1.44;4.42;7.53
2023;12:30;Torino;Salernitana;0-0;1.56;3.86;6.40
2023;20:45;Bologna;Sassuolo;4-2;1.62;3.82;5.71
2023;18:00;Frosinone;Milan;2-3;4.52;3.93;1.73
2023;15:00;Empoli;Genoa;0-0;2.89;2.90;2.73
2023;15:00;Udinese;Monza;0-0;2.12;3.21;3.67
2023;20:45;Lecce;Fiorentina;3-2;3.55;3.16;2.19
2023;20:45;Salernitana;Roma;1-2;5.24;3.66;1.69
2023;20:45;Fiorentina;Inter;0-1;4.46;3.43;1.86
2023;18:00;Lazio;Napoli;0-0;2.36;3.01;3.34
2023;15:00;Monza;Sassuolo;1-0;2.16;3.33;3.36
2023;15:00;Verona;Frosinone;1-1;2.22;3.30;3.32
2023;12:30;Genoa;Lecce;2-1;2.11;3.05;3.90
2023;20:45;Milan;Bologna;2-2;1.71;3.57;5.24
2023;18:00;Juventus;Empoli;1-1;1.26;5.47;12.22
2023;15:00;Atalanta;Udinese;2-0;1.48;4.38;6.53
2023;20:45;Cagliari;Torino;1-2;3.71;3.02;2.19
2023;20:45;Lecce;Juventus;0-3;5.22;3.36;1.76
2023;18:00;Salernitana;Genoa;1-2;3.22;2.99;2.44
2023;15:00;Empoli;Monza;3-0;2.64;3.22;2.74
2023;12:30;Frosinone;Cagliari;3-1;2.33;3.36;3.04
2023;20:45;Udinese;Milan;2-3;4.03;3.60;1.88
2023;18:00;Roma;Verona;2-1;1.44;4.35;7.58
2023;20:45;Juventus;Sassuolo;3-0;1.40;4.81;7.52
2023;20:45;Atalanta;Frosinone;5-0;1.39;4.93;7.68
2023;20:45;Milan;Roma;3-1;2.09;3.20;3.83
2023;18:00;Fiorentina;Udinese;2-2;1.63;3.80;5.58
2023;15:00;Cagliari;Bologna;2-1;3.21;3.02;2.43
2023;12:30;Lazio;Lecce;1-0;1.60;3.75;6.13
2023;20:45;Monza;Inter;1-5;7.91;4.86;1.38
2023;18:00;Verona;Empoli;2-1;2.16;3.27;3.48
2023;15:00;Genoa;Torino;0-0;3.15;2.88;2.56
2023;15:00;Napoli;Salernitana;2-1;1.31;5.40;9.54
2023;20:45;Roma;Atalanta;1-1;2.27;3.11;3.39
2023;18:00;Salernitana;Juventus;1-2;6.99;4.16;1.49
2023;15:00;Torino;Napoli;3-0;2.61;3.08;2.87
2023;15:00;Udinese;Lazio;1-2;3.42;3.12;2.26
2023;12:30;Empoli;Milan;0-3;5.24;3.98;1.63
2023;20:45;Sassuolo;Fiorentina;1-0;3.29;3.53;2.13
2023;18:00;Lecce;Cagliari;1-1;2.21;3.15;3.51
2023;15:00;Frosinone;Monza;2-3;2.46;3.37;2.83
2023;12:30;Inter;Verona;2-1;1.17;7.65;14.65
2023;20:45;Bologna;Genoa;1-1;2.28;2.93;3.63
2023;20:45;Juventus;Roma;1-0;2.12;2.95;4.11
2023;18:00;Milan;Sassuolo;1-0;1.51;4.69;5.58
2023;18:00;Verona;Salernitana;0-1;1.89;3.41;4.26
2023;15:00;Cagliari;Empoli;0-0;2.04;3.47;3.58
2023;15:00;Udinese;Bologna;3-0;3.51;3.01;2.27
2023;12:30;Atalanta;Lecce;1-0;1.35;4.95;8.49
2023;20:45;Genoa;Inter;1-1;5.99;3.65;1.63
2023;20:45;Lazio;Frosinone;3-1;1.59;3.95;5.77
2023;18:30;Fiorentina;Torino;1-0;2.13;3.11;3.76
2023;18:30;Napoli;Monza;0-0;1.56;4.15;5.74
2023;20:45;Roma;Napoli;2-0;2.86;3.05;2.65
2023;18:00;Inter;Lecce;2-0;1.27;5.61;11.24
2023;18:00;Verona;Cagliari;2-0;2.39;3.16;3.12
2023;15:00;Bologna;Atalanta;1-0;2.79;2.98;2.74
2023;15:00;Torino;Udinese;1-1;1.65;3.66;5.71
2023;12:30;Frosinone;Juventus;1-2;5.29;3.56;1.71
2023;20:45;Monza;Fiorentina;0-1;2.81;3.20;2.57
2023;20:45;Salernitana;Milan;2-2;6.88;4.49;1.45
2023;18:30;Empoli;Lazio;0-2;4.34;3.41;1.88
2023;18:30;Sassuolo;Genoa;1-2;2.49;3.13;2.98
2023;20:45;Atalanta;Salernitana;4-1;1.26;5.95;11.19
2023;20:45;Lazio;Inter;0-2;4.29;3.47;1.87
2023;18:00;Bologna;Roma;2-0;2.44;2.89;3.34
2023;15:00;Fiorentina;Verona;1-0;1.47;4.44;6.62
2023;15:00;Udinese;Sassuolo;2-2;2.42;3.37;2.87
2023;12:30;Milan;Monza;3-0;1.55;4.21;5.75
2023;20:45;Torino;Empoli;1-0;1.58;3.88;6.13
2023;18:00;Napoli;Cagliari;2-1;1.38;5.11;7.58
2023;15:00;Lecce;Frosinone;2-1;2.17;3.22;3.52
2023;20:45;Genoa;Juventus;1-1;4.61;2.93;2.01
2023;20:45;Cagliari;Sassuolo;2-1;2.55;3.30;2.76
2023;18:30;Empoli;Lecce;1-1;2.50;3.06;3.01
2023;20:45;Roma;Fiorentina;1-1;1.93;3.37;4.13
2023;18:00;Salernitana;Bologna;1-2;4.56;3.43;1.83
2023;15:00;Monza;Genoa;1-0;2.15;3.11;3.67
2023;12:30;Frosinone;Torino;0-0;3.71;3.24;2.08
2023;20:45;Inter;Udinese;4-0;1.22;6.47;12.50
2023;18:00;Atalanta;Milan;3-2;2.50;3.18;2.91
2023;15:00;Verona;Lazio;1-1;4.33;3.40;1.88
2023;20:45;Juventus;Napoli;1-0;2.23;3.21;3.38
2023;20:45;Torino;Atalanta;3-0;2.93;3.15;2.52
2023;20:45;Napoli;Inter;0-3;2.94;3.38;2.39
2023;18:00;Sassuolo;Roma;1-2;3.52;3.53;2.06
2023;15:00;Fiorentina;Salernitana;3-0;1.41;4.70;7.66
2023;15:00;Udinese;Verona;3-3;1.81;3.55;4.54
2023;12:30;Lecce;Bologna;1-1;3.02;3.00;2.55
2023;20:45;Milan;Frosinone;3-1;1.43;4.78;7.04
2023;18:00;Lazio;Cagliari;1-0;1.66;3.85;5.16
2023;15:00;Genoa;Empoli;1-1;1.99;3.29;4.06
2023;20:45;Monza;Juventus;1-2;4.29;3.37;1.90
2023;20:45;Bologna;Torino;2-0;2.36;3.00;3.36
2023;18:30;Verona;Lecce;2-2;2.79;2.92;2.82
2023;20:45;Juventus;Inter;1-1;3.40;3.16;2.26
2023;18:00;Roma;Udinese;3-1;1.63;3.72;5.77
2023;15:00;Empoli;Sassuolo;3-4;2.64;3.46;2.58
2023;15:00;Frosinone;Genoa;2-1;2.44;3.19;2.99
2023;12:30;Cagliari;Monza;1-1;2.72;3.20;2.66
2023;20:45;Milan;Fiorentina;1-0;2.10;3.33;3.59
2023;18:00;Atalanta;Napoli;1-2;2.53;3.37;2.77
2023;15:00;Salernitana;Lazio;2-1;4.59;3.51;1.81
2023;20:45;Inter;Frosinone;2-0;1.17;7.91;14.00
2023;18:00;Lazio;Roma;0-0;2.93;2.84;2.77
2023;15:00;Fiorentina;Bologna;2-1;2.00;3.37;3.88
2023;15:00;Udinese;Atalanta;1-1;3.48;3.38;2.13
2023;12:30;Napoli;Empoli;0-1;1.27;6.17;9.93
2023;20:45;Monza;Torino;1-1;2.76;3.03;2.76
2023;18:00;Juventus;Cagliari;2-1;1.44;4.43;7.60
2023;15:00;Lecce;Milan;2-2;4.98;3.59;1.75
2023;20:45;Genoa;Verona;1-0;1.84;3.24;4.96
2023;18:30;Sassuolo;Salernitana;2-2;1.74;3.92;4.45
2023;20:45;Torino;Sassuolo;2-1;2.06;3.34;3.72
2023;18:30;Frosinone;Empoli;2-1;2.15;3.43;3.36
2023;20:45;Fiorentina;Juventus;0-1;2.86;3.10;2.63
2023;18:00;Roma;Lecce;2-1;1.54;3.86;6.90
2023;15:00;Cagliari;Genoa;2-1;2.69;2.97;2.90
2023;12:30;Verona;Monza;1-3;3.07;3.11;2.46
2023;20:45;Milan;Udinese;0-1;1.44;4.46;7.50
2023;18:00;Atalanta;Inter;1-2;3.52;3.44;2.09
2023;15:00;Salernitana;Napoli;0-2;7.76;5.13;1.37
2023;20:45;Bologna;Lazio;1-0;2.72;3.03;2.82
2023;20:45;Lazio;Fiorentina;1-0;2.28;3.28;3.20
2023;18:30;Empoli;Atalanta;0-3;5.05;4.05;1.64
2023;20:45;Napoli;Milan;2-2;2.24;3.31;3.27
2023;18:00;Inter;Roma;1-0;1.53;4.05;6.47
2023;15:00;Monza;Udinese;1-1;2.05;3.42;3.63
2023;12:30;Cagliari;Frosinone;4-3;2.18;3.33;3.39
2023;20:45;Juventus;Verona;1-0;1.35;4.89;8.98
2023;18:00;Lecce;Torino;0-1;2.73;2.90;2.92
2023;15:00;Sassuolo;Bologna;1-1;2.56;3.36;2.71
2023;20:45;Genoa;Salernitana;1-0;1.73;3.59;5.07
2023;20:45;Fiorentina;Empoli;0-2;1.41;4.79;7.38
2023;18:30;Udinese;Lecce;1-1;2.11;3.18;3.75
2023;20:45;Milan;Juventus;0-1;2.12;3.26;3.62
2023;18:00;Atalanta;Genoa;2-0;1.52;4.20;6.42
2023;15:00;Bologna;Frosinone;2-1;1.73;3.73;4.79
2023;15:00;Salernitana;Cagliari;2-2;2.33;3.17;3.24
2023;12:30;Roma;Monza;1-0;1.73;3.66;4.96
2023;20:45;Sassuolo;Lazio;0-2;2.74;3.48;2.49
2023;18:00;Torino;Inter;0-3;5.23;3.72;1.69
2023;15:00;Verona;Napoli;1-3;5.55;4.01;1.60
2023;20:45;Napoli;Fiorentina;1-3;1.57;4.32;5.53
2023;18:00;Cagliari;Roma;1-4;5.00;3.50;1.77
2023;15:00;Frosinone;Verona;2-1;2.21;3.32;3.37
2023;15:00;Lazio;Atalanta;3-2;2.91;3.18;2.54
2023;12:30;Monza;Salernitana;3-0;1.70;3.83;4.92
2023;20:45;Genoa;Milan;0-1;4.26;3.32;1.94
2023;18:00;Juventus;Torino;2-0;2.04;3.12;4.18
2023;15:00;Inter;Bologna;2-2;1.31;5.51;9.47
2023;20:45;Lecce;Sassuolo;1-1;2.63;3.35;2.66
2023;18:30;Empoli;Udinese;0-0;2.84;3.26;2.55
2023;20:45;Fiorentina;Cagliari;3-0;1.55;4.04;6.33
2023;18:30;Sassuolo;Monza;0-1;2.09;3.75;3.24
2023;18:30;Torino;Verona;0-0;1.74;3.40;5.38
2023;20:45;Roma;Frosinone;2-0;1.39;4.84;8.11
2023;18:00;Atalanta;Juventus;0-0;2.39;3.20;3.14
2023;15:00;Udinese;Genoa;2-2;2.21;3.20;3.49
2023;12:30;Bologna;Empoli;3-0;1.69;3.83;5.05
2023;20:45;Salernitana;Inter;0-4;8.11;4.88;1.39
2023;18:00;Milan;Lazio;2-0;1.72;3.72;5.06
2023;15:00;Lecce;Napoli;0-4;4.84;3.65;1.75
2023;20:45;Genoa;Roma;4-1;4.04;3.18;2.04
2023;18:30;Frosinone;Fiorentina;1-1;3.78;3.54;1.97
2023;18:30;Monza;Bologna;0-0;2.28;3.34;3.20
2023;20:45;Inter;Sassuolo;1-2;1.25;6.62;10.01
2023;20:45;Lazio;Torino;2-0;2.21;3.21;3.49
2023;20:45;Napoli;Udinese;4-1;1.39;4.98;7.63
2023;18:30;Cagliari;Milan;1-3;4.44;3.40;1.88
2023;18:30;Empoli;Salernitana;1-0;2.64;3.14;2.80
2023;18:30;Verona;Atalanta;0-1;4.23;3.58;1.86
2023;20:45;Juventus;Lecce;1-0;1.49;4.21;6.99
2023;20:45;Torino;Roma;1-1;3.19;2.94;2.46
2023;18:00;Bologna;Napoli;0-0;3.46;3.51;2.07
2023;15:00;Atalanta;Cagliari;2-0;1.40;4.68;7.39
2023;15:00;Udinese;Fiorentina;0-2;3.26;3.28;2.22
2023;12:30;Empoli;Inter;0-1;10.44;5.89;1.26
2023;20:45;Lazio;Monza;1-1;1.77;3.80;4.34
2023;18:00;Sassuolo;Juventus;4-2;4.25;3.98;1.75
2023;15:00;Milan;Verona;1-0;1.38;4.74;8.17
2023;20:45;Lecce;Genoa;1-0;2.53;3.09;2.93
2023;18:30;Salernitana;Frosinone;1-1;2.42;3.19;2.99
2023;20:45;Verona;Bologna;0-0;3.36;3.27;2.19
2023;18:30;Salernitana;Torino;0-3;3.59;3.07;2.19
2023;20:45;Roma;Empoli;7-0;1.38;4.62;8.46
2023;18:00;Fiorentina;Atalanta;3-2;2.68;3.29;2.62
2023;15:00;Frosinone;Sassuolo;4-2;2.96;3.46;2.32
2023;15:00;Monza;Lecce;1-1;2.37;3.23;3.05
2023;12:30;Cagliari;Udinese;0-0;2.83;3.17;2.57
2023;20:45;Genoa;Napoli;2-2;5.45;3.80;1.63
2023;18:00;Inter;Milan;5-1;2.16;3.35;3.37
2023;15:00;Juventus;Lazio;3-1;1.91;3.43;4.12
2023;20:45;Empoli;Juventus;0-2;5.47;3.91;1.62
2023;20:45;Lecce;Salernitana;2-0;1.93;3.28;4.23
2023;18:30;Inter;Fiorentina;4-0;1.70;3.82;4.76
2023;18:30;Torino;Genoa;1-0;2.02;3.21;3.92
2023;20:45;Atalanta;Monza;3-0;1.67;4.01;4.77
2023;20:45;Napoli;Lazio;1-2;1.63;4.03;5.16
2023;18:30;Bologna;Cagliari;2-1;1.76;3.65;4.56
2023;18:30;Udinese;Frosinone;0-0;1.86;3.51;4.23
2023;20:45;Roma;Milan;1-2;2.82;3.01;2.68
2023;18:30;Sassuolo;Verona;3-1;1.93;3.59;3.80
2023;20:45;Cagliari;Inter;0-2;7.26;4.62;1.41
2023;18:30;Salernitana;Udinese;1-1;2.73;3.21;2.62
2023;20:45;Lazio;Genoa;0-1;1.77;3.67;4.48
2023;20:45;Napoli;Sassuolo;2-0;1.31;5.65;8.34
2023;18:30;Fiorentina;Lecce;2-2;1.67;3.77;5.15
2023;18:30;Juventus;Bologna;1-1;1.67;3.76;5.18
2023;20:45;Milan;Torino;4-1;1.72;3.59;5.02
2023;20:45;Verona;Roma;2-1;4.69;3.34;1.83
2023;18:30;Frosinone;Atalanta;2-1;5.13;4.05;1.62
2023;18:30;Monza;Empoli;2-0;1.90;3.57;3.92
2023;20:45;Bologna;Milan;0-2;3.84;3.41;1.97
2023;18:30;Torino;Cagliari;0-0;1.59;3.79;6.00
2023;20:45;Lecce;Lazio;2-1;3.69;3.20;2.10
2023;20:45;Udinese;Juventus;0-3;3.84;3.27;2.03
2023;18:30;Roma;Salernitana;2-2;1.51;3.89;7.18
2023;18:30;Sassuolo;Atalanta;0-2;3.35;3.55;2.10
2023;20:45;Genoa;Fiorentina;1-4;3.25;3.22;2.29
2023;20:45;Inter;Monza;2-0;1.39;4.96;7.36
2023;18:30;Empoli;Verona;0-1;2.24;3.27;3.27
2023;18:30;Frosinone;Napoli;1-3;6.26;4.36;1.50
2022;20:45;Spezia;Verona;1-3;2.80;2.79;2.92
2022;21:00;Milan;Verona;3-1;1.66;3.81;5.08
2022;21:00;Roma;Spezia;2-1;1.77;3.59;4.58
2022;21:00;Atalanta;Monza;5-2;1.50;4.56;5.71
2022;21:00;Lecce;Bologna;2-3;2.59;3.29;2.70
2022;21:00;Udinese;Juventus;0-1;5.00;4.01;1.64
2022;18:30;Napoli;Sampdoria;2-0;1.08;10.42;22.50
2022;21:00;Cremonese;Salernitana;2-0;2.63;3.41;2.58
2022;21:00;Empoli;Lazio;0-2;3.91;3.73;1.85
2022;18:30;Torino;Inter;0-1;2.53;3.41;2.69
2022;20:30;Sassuolo;Fiorentina;1-3;2.52;3.56;2.59
2022;20:45;Juventus;Milan;0-1;2.45;3.21;2.94
2022;18:00;Lazio;Cremonese;3-2;1.21;6.59;12.03
2022;15:00;Bologna;Napoli;2-2;3.84;3.43;1.97
2022;15:00;Monza;Lecce;0-1;2.24;3.19;3.35
2022;12:30;Verona;Empoli;1-1;1.88;3.55;4.04
2022;20:45;Inter;Atalanta;3-2;1.84;3.67;4.09
2022;18:00;Fiorentina;Roma;2-1;2.23;3.24;3.29
2022;15:00;Salernitana;Udinese;3-2;2.81;3.27;2.51
2022;15:00;Spezia;Torino;0-4;2.55;3.02;2.95
2022;20:45;Sampdoria;Sassuolo;2-2;3.85;3.88;1.83
2022;20:45;Empoli;Juventus;4-1;4.91;3.56;1.76
2022;18:30;Roma;Salernitana;2-2;1.53;3.96;6.63
2022;20:45;Udinese;Lazio;0-1;3.78;3.50;1.99
2022;18:00;Napoli;Inter;3-1;2.00;3.56;3.72
2022;15:00;Torino;Fiorentina;1-1;2.12;3.19;3.75
2022;12:30;Lecce;Spezia;0-0;2.03;3.20;4.05
2022;20:45;Milan;Sampdoria;5-1;1.14;8.46;17.78
2022;18:00;Atalanta;Verona;3-1;1.45;4.62;6.98
2022;15:00;Cremonese;Bologna;1-5;3.77;3.49;2.00
2022;20:45;Sassuolo;Monza;1-2;2.12;3.56;3.33
2022;20:45;Sampdoria;Empoli;1-1;3.57;3.35;2.12
2022;20:45;Juventus;Cremonese;2-0;1.35;4.89;9.46
2022;18:00;Bologna;Roma;0-0;2.58;3.08;2.95
2022;15:00;Fiorentina;Udinese;2-0;1.83;3.66;4.33
2022;15:00;Monza;Napoli;2-0;3.26;3.36;2.23
2022;12:30;Verona;Torino;0-1;2.57;3.03;3.01
2022;20:45;Inter;Sassuolo;4-2;1.46;4.74;6.46
2022;18:00;Spezia;Milan;2-0;4.36;3.49;1.87
2022;15:00;Salernitana;Atalanta;1-0;4.76;4.16;1.67
2022;20:45;Lazio;Lecce;2-2;1.65;3.66;5.86
2022;20:45;Sassuolo;Bologna;1-1;2.46;3.39;2.84
2022;18:30;Empoli;Salernitana;2-1;2.22;2.84;3.96
2022;18:30;Udinese;Sampdoria;2-0;1.49;4.41;6.52
2022;20:45;Lecce;Verona;0-1;2.11;3.04;3.99
2022;18:00;Napoli;Fiorentina;1-0;1.83;3.63;4.38
2022;15:00;Torino;Monza;1-1;2.04;3.26;3.93
2022;12:30;Atalanta;Juventus;0-2;2.38;3.33;3.02
2022;20:45;Cremonese;Spezia;2-0;2.49;3.29;2.87
2022;18:00;Roma;Inter;0-2;3.23;3.09;2.39
2022;15:00;Milan;Lazio;2-0;1.86;3.47;4.44
2022;20:45;Empoli;Bologna;3-1;2.75;3.04;2.79
2022;20:45;Udinese;Napoli;1-1;6.03;3.86;1.60
2022;21:00;Milan;Cremonese;1-1;1.34;5.03;9.67
2022;21:00;Lazio;Sassuolo;2-0;1.66;4.04;5.06
2022;21:00;Monza;Roma;1-1;3.93;3.16;2.09
2022;21:00;Verona;Inter;0-6;5.78;3.92;1.61
2022;18:00;Atalanta;Spezia;3-2;1.37;5.18;7.79
2022;18:00;Juventus;Lecce;2-1;1.55;3.79;7.10
2022;18:00;Salernitana;Fiorentina;3-3;4.35;3.76;1.80
2022;18:00;Sampdoria;Torino;0-2;4.73;3.42;1.82
2022;20:45;Bologna;Juventus;1-1;3.61;3.07;2.24
2022;18:00;Fiorentina;Sampdoria;5-0;1.34;5.24;8.63
2022;15:00;Cremonese;Verona;1-1;3.26;3.13;2.36
2022;15:00;Napoli;Salernitana;1-1;1.19;7.07;14.25
2022;15:00;Sassuolo;Empoli;2-1;2.07;3.44;3.62
2022;12:30;Inter;Lazio;3-1;1.82;3.50;4.68
2022;20:45;Torino;Atalanta;1-2;3.32;3.18;2.30
2022;18:00;Roma;Milan;1-1;2.76;2.89;2.93
2022;20:45;Spezia;Monza;0-2;2.75;3.21;2.66
2022;18:30;Lecce;Udinese;1-0;2.20;3.06;3.69
2022;20:45;Atalanta;Roma;3-1;2.43;3.17;3.10
2022;20:45;Juventus;Napoli;0-1;3.09;3.00;2.56
2022;18:00;Milan;Lecce;2-0;1.54;3.92;6.80
2022;15:00;Monza;Fiorentina;3-2;3.56;3.30;2.15
2022;15:00;Udinese;Cremonese;3-0;1.73;3.77;4.88
2022;12:30;Empoli;Inter;0-3;5.87;4.00;1.59
2022;20:45;Sampdoria;Spezia;1-1;2.75;3.19;2.69
2022;18:00;Lazio;Torino;0-1;1.91;3.21;4.63
2022;15:00;Salernitana;Sassuolo;3-0;3.20;3.51;2.20
2022;20:45;Verona;Bologna;2-1;2.76;2.92;2.90
2022;20:45;Fiorentina;Atalanta;1-1;2.35;3.40;3.03
2022;20:45;Roma;Udinese;3-0;1.88;3.24;4.80
2022;18:00;Sassuolo;Juventus;1-0;3.37;3.41;2.17
2022;15:00;Torino;Salernitana;1-1;1.62;3.74;5.97
2022;12:30;Lecce;Sampdoria;1-1;1.75;3.43;5.35
2022;20:45;Inter;Monza;0-1;1.44;4.48;7.64
2022;18:00;Napoli;Verona;0-0;1.49;4.18;7.19
2022;15:00;Bologna;Milan;1-1;2.85;2.98;2.75
2022;20:45;Spezia;Lazio;0-3;4.75;3.50;1.81
2022;18:30;Cremonese;Empoli;1-0;2.26;3.31;3.28
2022;20:45;Lazio;Juventus;2-1;2.87;2.87;2.84
2022;18:30;Torino;Roma;0-1;3.39;2.85;2.47
2022;18:30;Verona;Sassuolo;2-1;2.43;3.27;2.99
2022;16:30;Atalanta;Bologna;0-2;1.65;3.87;5.39
2022;16:30;Sampdoria;Cremonese;2-3;2.27;3.24;3.32
2022;14:30;Fiorentina;Spezia;1-1;1.41;4.71;7.75
2022;12:30;Udinese;Monza;2-2;1.92;3.42;4.20
2022;21:00;Milan;Empoli;0-0;1.38;4.75;8.90
2022;19:00;Lecce;Napoli;1-2;6.01;3.56;1.66
2022;17:00;Salernitana;Inter;1-1;6.47;4.27;1.51
2022;20:45;Sassuolo;Torino;1-1;2.47;3.24;2.97
2022;18:30;Empoli;Lecce;1-0;2.67;2.91;3.00
2022;20:45;Napoli;Milan;0-4;1.97;3.32;4.14
2022;18:00;Roma;Sampdoria;3-0;1.34;4.85;10.20
2022;15:00;Monza;Lazio;0-2;3.77;3.23;2.11
2022;15:00;Spezia;Salernitana;1-1;2.41;3.11;3.17
2022;12:30;Bologna;Udinese;3-0;2.22;3.26;3.40
2022;20:45;Juventus;Verona;1-0;1.55;3.80;7.00
2022;18:00;Inter;Fiorentina;0-1;1.82;3.55;4.52
2022;15:00;Cremonese;Atalanta;1-3;6.05;4.03;1.57
2022;20:45;Inter;Juventus;0-1;2.04;3.25;3.96
2022;18:00;Lazio;Roma;1-0;3.09;2.77;2.73
2022;15:00;Fiorentina;Lecce;1-0;1.59;3.77;6.19
2022;15:00;Torino;Napoli;0-4;4.91;3.45;1.79
2022;12:30;Sampdoria;Verona;3-1;2.94;3.03;2.59
2022;20:45;Udinese;Milan;3-1;3.65;3.32;2.10
2022;18:00;Salernitana;Bologna;2-2;3.44;3.15;2.25
2022;15:00;Monza;Cremonese;1-1;1.94;3.36;4.16
2022;20:45;Atalanta;Empoli;2-1;1.41;4.87;7.40
2022;18:30;Sassuolo;Spezia;1-0;1.75;3.82;4.57
2022;20:45;Milan;Salernitana;1-1;1.25;5.96;12.44
2022;20:45;Juventus;Sampdoria;4-2;1.34;4.83;10.19
2022;18:00;Roma;Sassuolo;3-4;1.71;3.61;5.34
2022;15:00;Cremonese;Fiorentina;0-2;4.77;3.71;1.75
2022;15:00;Verona;Monza;1-1;2.52;3.10;3.01
2022;12:30;Lecce;Torino;0-2;2.83;2.81;2.93
2022;20:45;Bologna;Lazio;0-0;3.29;2.91;2.48
2022;18:00;Napoli;Atalanta;2-0;1.67;3.86;5.18
2022;15:00;Empoli;Udinese;0-1;3.02;3.30;2.40
2022;20:45;Spezia;Inter;2-1;7.98;4.65;1.41
2022;20:45;Torino;Bologna;1-0;2.33;2.93;3.57
2022;18:30;Sassuolo;Cremonese;3-2;1.88;3.49;4.27
2022;20:45;Roma;Juventus;1-0;2.91;2.85;2.78
2022;18:00;Inter;Lecce;2-0;1.39;4.68;8.74
2022;15:00;Sampdoria;Salernitana;0-0;2.29;3.17;3.36
2022;12:30;Spezia;Verona;0-0;2.49;3.06;3.12
2022;20:45;Fiorentina;Milan;2-1;2.74;3.16;2.72
2022;18:00;Atalanta;Udinese;0-0;1.70;3.94;4.79
2022;15:00;Monza;Empoli;2-1;1.97;3.38;4.05
2022;20:45;Napoli;Lazio;0-1;1.63;3.86;5.71
2022;20:45;Juventus;Torino;4-2;1.72;3.45;5.65
2022;18:30;Cremonese;Roma;2-1;5.33;3.44;1.74
2022;20:45;Lazio;Sampdoria;1-0;1.40;4.44;9.27
2022;18:30;Verona;Fiorentina;0-3;3.46;3.19;2.23
2022;20:45;Milan;Atalanta;2-0;2.21;3.29;3.37
2022;18:00;Udinese;Spezia;2-2;1.76;3.68;4.76
2022;15:00;Salernitana;Monza;3-0;3.68;3.33;2.07
2022;12:30;Bologna;Inter;1-0;4.95;3.77;1.71
2022;20:45;Lecce;Sassuolo;0-1;2.55;3.07;3.01
2022;18:00;Empoli;Napoli;0-2;7.10;4.59;1.44
2022;20:45;Torino;Cremonese;2-2;1.67;3.57;5.75
2022;20:45;Roma;Verona;1-0;1.75;3.37;5.41
2022;18:00;Spezia;Juventus;0-2;5.51;3.80;1.65
2022;15:00;Fiorentina;Empoli;1-1;1.64;3.91;5.35
2022;15:00;Salernitana;Lazio;0-2;4.92;3.59;1.75
2022;12:30;Atalanta;Lecce;1-2;1.45;4.32;7.54
2022;20:45;Inter;Udinese;3-1;1.43;4.61;7.36
2022;18:00;Monza;Milan;0-1;3.52;3.28;2.17
2022;15:00;Sampdoria;Bologna;1-2;3.42;3.17;2.25
2022;20:45;Sassuolo;Napoli;0-2;5.36;3.97;1.62
2022;20:45;Sampdoria;Inter;0-0;9.25;4.73;1.37
2022;18:30;Verona;Salernitana;1-0;1.76;3.56;4.98
2022;20:45;Napoli;Cremonese;3-0;1.18;6.88;16.55
2022;18:00;Juventus;Fiorentina;1-0;1.75;3.53;5.12
2022;15:00;Bologna;Monza;0-1;2.35;3.14;3.24
2022;12:30;Udinese;Sassuolo;2-2;2.01;3.45;3.72
2022;20:45;Lazio;Atalanta;0-2;2.23;3.23;3.40
2022;18:00;Lecce;Roma;1-1;4.14;3.12;2.04
2022;15:00;Empoli;Spezia;2-2;2.00;3.38;3.84
2022;20:45;Milan;Torino;1-0;1.73;3.55;5.13
2022;20:45;Salernitana;Juventus;0-3;6.67;4.17;1.51
2022;20:45;Monza;Sampdoria;2-2;1.80;3.44;4.85
2022;18:30;Verona;Lazio;1-1;4.24;3.39;1.92
2022;20:45;Inter;Milan;1-0;1.97;3.30;4.19
2022;18:00;Fiorentina;Bologna;1-2;1.81;3.57;4.54
2022;15:00;Torino;Udinese;1-0;2.44;3.10;3.13
2022;12:30;Spezia;Napoli;0-3;8.10;4.92;1.38
2022;20:45;Sassuolo;Atalanta;1-0;3.84;3.77;1.90
2022;18:00;Roma;Empoli;2-0;1.49;4.21;6.89
2022;15:00;Cremonese;Lecce;0-2;2.69;3.01;2.86
2022;20:45;Udinese;Verona;1-1;1.91;3.38;4.31
2022;20:45;Napoli;Roma;2-1;1.75;3.56;5.03
2022;18:00;Lazio;Fiorentina;1-1;2.00;3.32;3.99
2022;15:00;Juventus;Monza;0-2;1.62;3.84;5.79
2022;12:30;Milan;Sassuolo;2-5;1.45;4.61;6.68
2022;20:45;Atalanta;Sampdoria;2-0;1.31;5.38;9.52
2022;18:00;Cremonese;Inter;1-2;7.75;4.56;1.42
2022;15:00;Empoli;Torino;2-2;3.11;3.03;2.50
2022;20:45;Lecce;Salernitana;1-2;1.80;3.49;4.72
2022;18:30;Bologna;Spezia;2-0;1.87;3.37;4.52
2022;20:45;Lazio;Milan;4-0;2.82;3.22;2.58
2022;20:45;Inter;Empoli;0-1;1.27;5.76;11.16
2022;18:30;Bologna;Cremonese;1-1;1.77;3.44;5.12
2022;20:45;Juventus;Atalanta;3-3;2.16;3.28;3.49
2022;18:00;Spezia;Roma;0-2;5.29;3.45;1.75
2022;15:00;Monza;Sassuolo;1-1;2.14;3.39;3.43
2022;12:30;Sampdoria;Udinese;0-1;3.28;3.25;2.27
2022;20:45;Fiorentina;Torino;0-1;1.86;3.40;4.53
2022;18:00;Salernitana;Napoli;0-2;9.37;5.48;1.31
2022;15:00;Verona;Lecce;2-0;2.23;3.02;3.67
2022;20:45;Empoli;Sampdoria;1-0;2.09;3.21;3.82
2022;20:45;Roma;Fiorentina;2-0;2.13;3.26;3.65
2022;18:00;Atalanta;Salernitana;8-2;1.32;5.34;9.35
2022;15:00;Torino;Spezia;0-1;1.74;3.55;5.06
2022;15:00;Udinese;Bologna;1-2;1.89;3.39;4.32
2022;12:30;Sassuolo;Lazio;0-2;3.62;3.74;1.97
2022;20:45;Inter;Verona;1-0;1.34;5.25;8.68
2022;18:00;Lecce;Milan;2-2;5.03;3.70;1.72
2022;15:00;Cremonese;Monza;2-3;2.75;3.09;2.74
2022;20:45;Napoli;Juventus;5-1;2.04;3.32;3.83
2022;20:45;Bologna;Atalanta;1-2;3.42;3.29;2.20
2022;18:30;Verona;Cremonese;2-0;2.24;3.20;3.43
2022;20:45;Milan;Roma;2-2;1.84;3.59;4.34
2022;18:00;Sampdoria;Napoli;0-2;7.19;4.41;1.45
2022;15:00;Lazio;Empoli;2-2;1.50;4.29;6.42
2022;15:00;Spezia;Lecce;0-0;2.35;3.09;3.29
2022;12:30;Salernitana;Torino;1-1;3.76;3.27;2.08
2022;20:45;Monza;Inter;2-2;5.80;4.16;1.57
2022;18:00;Juventus;Udinese;1-0;1.72;3.67;5.05
2022;15:00;Fiorentina;Sassuolo;2-1;1.79;3.86;4.28
2022;20:45;Inter;Napoli;1-0;2.38;3.30;3.05
2022;20:45;Udinese;Empoli;1-1;1.68;3.85;5.11
2022;18:30;Cremonese;Juventus;0-1;4.76;3.52;1.79
2022;18:30;Fiorentina;Monza;1-1;1.81;3.66;4.45
2022;16:30;Roma;Bologna;1-0;1.67;3.68;5.57
2022;16:30;Lecce;Lazio;2-1;3.74;3.27;2.09
2022;14:30;Spezia;Atalanta;2-2;4.68;3.86;1.74
2022;14:30;Torino;Verona;1-1;1.63;3.75;5.95
2022;12:30;Salernitana;Milan;1-2;8.22;4.80;1.39
2022;12:30;Sassuolo;Sampdoria;1-2;1.73;3.79;4.85
2022;20:45;Juventus;Lazio;3-0;1.87;3.33;4.53
2022;18:00;Milan;Fiorentina;2-1;1.65;3.89;5.23
2022;15:00;Roma;Torino;1-1;1.82;3.29;4.96
2022;15:00;Monza;Salernitana;3-0;1.98;3.34;4.01
2022;15:00;Verona;Spezia;1-2;1.99;3.53;3.76
2022;12:30;Atalanta;Inter;2-3;2.94;3.54;2.33
2022;20:45;Bologna;Sassuolo;3-0;2.27;3.29;3.23
2022;18:00;Sampdoria;Lecce;0-2;2.92;2.80;2.81
2022;15:00;Napoli;Udinese;3-2;1.48;4.63;6.21
2022;20:45;Empoli;Cremonese;2-0;2.49;3.27;2.88
2022;20:45;Lazio;Monza;1-0;1.69;3.74;5.14
2022;18:30;Verona;Juventus;0-1;5.83;3.86;1.61
2022;20:45;Fiorentina;Salernitana;2-1;1.53;4.24;6.16
2022;20:45;Inter;Bologna;6-1;1.38;5.09;7.50
2022;20:45;Torino;Sampdoria;2-0;1.66;3.48;6.12
2022;18:30;Lecce;Atalanta;2-1;3.43;3.19;2.23
2022;18:30;Sassuolo;Roma;1-1;3.37;3.51;2.13
2022;20:45;Cremonese;Milan;0-0;6.35;4.06;1.55
2022;18:30;Napoli;Empoli;2-0;1.27;6.12;9.83
2022;18:30;Spezia;Udinese;1-1;3.79;3.51;1.99
2022;20:45;Juventus;Inter;2-0;3.06;3.23;2.42
2022;18:00;Roma;Lazio;0-1;2.12;3.26;3.65
2022;15:00;Monza;Verona;2-0;2.15;3.39;3.40
2022;15:00;Sampdoria;Fiorentina;0-2;4.29;3.46;1.87
2022;12:30;Bologna;Torino;2-1;2.98;3.06;2.55
2022;20:45;Milan;Spezia;2-1;1.22;6.49;12.57
2022;18:00;Atalanta;Napoli;1-2;3.20;3.51;2.21
2022;15:00;Empoli;Sassuolo;1-0;3.16;3.50;2.22
2022;15:00;Salernitana;Cremonese;2-2;2.19;3.41;3.29
2022;20:45;Udinese;Lecce;1-1;1.63;3.77;5.70
2022;20:45;Monza;Bologna;1-2;2.32;3.17;3.26
2022;18:30;Verona;Roma;1-3;4.27;3.54;1.86
2022;20:45;Torino;Milan;2-1;3.82;3.27;2.06
2022;18:00;Lazio;Salernitana;1-3;1.48;4.37;6.66
2022;15:00;Cremonese;Udinese;0-0;3.86;3.66;1.92
2022;15:00;Spezia;Fiorentina;1-2;4.16;3.53;1.88
2022;12:30;Empoli;Atalanta;0-2;4.58;3.82;1.74
2022;20:45;Inter;Sampdoria;3-0;1.21;6.69;13.80
2022;18:00;Lecce;Juventus;0-1;3.82;3.21;2.09
2022;15:00;Napoli;Sassuolo;4-0;1.26;6.24;9.93
2022;20:45;Sassuolo;Verona;2-1;2.23;3.52;3.13
2022;18:30;Cremonese;Sampdoria;0-1;2.19;3.27;3.46
2022;20:45;Roma;Napoli;0-1;3.14;3.36;2.30
2022;18:00;Atalanta;Lazio;0-2;2.01;3.54;3.65
2022;15:00;Bologna;Lecce;2-0;2.19;3.12;3.65
2022;12:30;Udinese;Torino;1-2;1.95;3.31;4.19
2022;20:45;Fiorentina;Inter;3-4;3.31;3.38;2.20
2022;18:00;Milan;Monza;4-1;1.45;4.45;7.20
2022;15:00;Salernitana;Spezia;1-0;2.14;3.31;3.53
2022;20:45;Juventus;Empoli;4-0;1.37;5.04;8.22
2022;20:45;Lecce;Fiorentina;1-1;3.70;3.24;2.10
2022;18:30;Sampdoria;Roma;0-1;5.30;3.75;1.68
2022;20:45;Verona;Milan;1-2;6.49;4.18;1.51
2022;18:00;Napoli;Bologna;3-2;1.25;5.96;11.81
2022;15:00;Lazio;Udinese;0-0;2.30;3.54;2.99
2022;15:00;Spezia;Cremonese;2-2;2.43;3.20;3.02
2022;12:30;Inter;Salernitana;2-0;1.28;6.09;9.39
2022;20:45;Atalanta;Sassuolo;2-1;1.64;3.94;5.23
2022;18:00;Torino;Juventus;0-1;3.00;2.97;2.61
2022;15:00;Empoli;Monza;1-0;2.70;3.26;2.66
2022;20:45;Fiorentina;Lazio;0-4;2.36;3.42;2.98
2022;20:45;Roma;Lecce;2-1;1.46;4.37;7.29
2022;18:00;Cremonese;Napoli;1-4;6.80;4.65;1.45
2022;15:00;Monza;Spezia;2-0;1.94;3.50;3.97
2022;15:00;Salernitana;Verona;2-1;2.54;3.29;2.81
2022;15:00;Udinese;Atalanta;2-2;2.44;3.36;2.89
2022;12:30;Torino;Empoli;1-1;1.67;3.85;5.19
2022;20:45;Bologna;Sampdoria;1-1;2.11;3.28;3.65
2022;18:00;Milan;Juventus;2-0;2.13;3.26;3.63
2022;15:00;Sassuolo;Inter;1-2;4.20;4.05;1.76
2022;20:45;Verona;Udinese;1-2;3.43;3.43;2.13
2022;20:45;Juventus;Bologna;3-0;1.50;4.15;6.90
2022;18:00;Atalanta;Fiorentina;1-0;2.08;3.40;3.60
2022;15:00;Lecce;Cremonese;1-1;2.04;3.36;3.78
2022;15:00;Sampdoria;Monza;0-3;2.46;3.18;3.00
2022;15:00;Sassuolo;Salernitana;5-0;2.07;3.56;3.47
2022;12:30;Lazio;Spezia;4-0;1.42;4.90;6.99
2022;20:45;Empoli;Milan;1-3;5.62;4.15;1.58
2022;18:00;Inter;Roma;1-2;2.07;3.42;3.64
2022;15:00;Napoli;Torino;3-1;1.61;3.87;5.67
2022;20:45;Milan;Napoli;1-2;2.30;3.17;3.31
2022;18:00;Roma;Atalanta;0-1;2.12;3.40;3.49
2022;15:00;Cremonese;Lazio;0-4;4.02;3.73;1.86
2022;15:00;Fiorentina;Verona;2-0;1.83;3.61;4.34
2022;15:00;Monza;Juventus;1-0;4.18;3.74;1.82
2022;12:30;Udinese;Inter;3-1;3.72;3.61;1.97
2022;20:45;Torino;Sassuolo;0-1;1.82;3.53;4.54
2022;18:00;Spezia;Sampdoria;2-1;2.62;3.16;2.82
2022;15:00;Bologna;Empoli;0-1;2.14;3.43;3.41
2022;20:45;Salernitana;Lecce;1-2;2.21;3.24;3.40
2022;20:45;Empoli;Roma;1-2;5.00;3.77;1.70
2022;20:45;Juventus;Salernitana;2-2;1.51;4.09;6.73
2022;18:00;Lazio;Verona;2-0;1.62;4.15;5.19
2022;15:00;Bologna;Fiorentina;2-1;3.33;3.32;2.22
2022;15:00;Lecce;Monza;1-1;2.48;3.20;2.97
2022;15:00;Sassuolo;Udinese;1-3;2.66;3.42;2.61
2022;12:30;Atalanta;Cremonese;1-1;1.37;5.16;8.02
2022;20:45;Sampdoria;Milan;1-2;6.66;4.32;1.49
2022;18:00;Inter;Torino;1-0;1.54;4.33;5.83
2022;15:00;Napoli;Spezia;1-0;1.28;5.99;9.42
2022;20:45;Torino;Lecce;1-0;1.69;3.66;5.30
2022;18:30;Monza;Atalanta;0-2;4.30;3.84;1.79
2022;18:30;Salernitana;Empoli;2-2;2.30;3.34;3.12
2022;20:45;Udinese;Roma;4-0;3.93;3.35;2.00
2022;18:00;Verona;Sampdoria;2-1;2.23;3.32;3.30
2022;15:00;Spezia;Bologna;2-2;3.12;3.18;2.38
2022;12:30;Cremonese;Sassuolo;0-0;2.69;3.47;2.55
2022;20:45;Lazio;Napoli;1-2;2.75;3.42;2.52
2022;18:00;Milan;Inter;3-2;2.72;3.13;2.73
2022;15:00;Fiorentina;Juventus;1-1;3.04;3.09;2.50
2022;20:45;Atalanta;Torino;3-1;1.87;3.63;4.14
2022;20:45;Bologna;Salernitana;1-1;2.10;3.35;3.57
2022;20:45;Juventus;Spezia;2-0;1.29;5.59;10.76
2022;20:45;Napoli;Lecce;1-1;1.27;5.92;10.70
2022;18:30;Empoli;Verona;1-1;2.71;3.26;2.65
2022;18:30;Sampdoria;Lazio;1-1;4.10;3.64;1.87
2022;18:30;Udinese;Fiorentina;1-0;2.31;3.39;3.05
2022;20:45;Roma;Monza;3-0;1.32;5.42;9.02
2022;20:45;Inter;Cremonese;3-1;1.16;8.06;15.60
2022;18:30;Sassuolo;Milan;0-0;5.07;4.14;1.63
2022;20:45;Fiorentina;Napoli;0-0;3.27;3.51;2.17
2022;20:45;Lecce;Empoli;1-1;2.25;3.32;3.23
2022;18:30;Salernitana;Sampdoria;4-0;2.45;3.12;3.08
2022;18:30;Verona;Atalanta;0-1;3.85;3.83;1.88
2022;20:45;Milan;Bologna;2-0;1.33;5.39;8.50
2022;20:45;Spezia;Sassuolo;2-2;3.16;3.51;2.21
2022;18:30;Cremonese;Torino;1-2;3.58;3.34;2.11
2022;18:30;Juventus;Roma;1-1;2.47;3.06;3.11
2022;20:45;Lazio;Inter;3-1;4.02;3.72;1.86
2022;18:30;Monza;Udinese;1-2;3.02;3.43;2.32
2022;20:45;Sampdoria;Juventus;0-0;5.33;3.82;1.65
2022;18:30;Roma;Cremonese;1-0;1.23;6.40;11.58
2022;20:45;Atalanta;Milan;1-1;2.85;3.45;2.42
2022;20:45;Bologna;Verona;1-1;2.08;3.39;3.60
2022;18:30;Empoli;Fiorentina;0-0;3.20;3.59;2.16
2022;18:30;Napoli;Monza;4-0;1.29;5.86;9.49
2022;20:45;Inter;Spezia;3-0;1.14;8.40;17.70
2022;20:45;Sassuolo;Lecce;1-0;1.82;3.97;3.92
2022;18:30;Torino;Lazio;0-0;2.87;3.30;2.49
2022;18:30;Udinese;Salernitana;0-0;1.67;3.95;4.95
2022;20:45;Juventus;Sassuolo;3-0;1.48;4.66;6.07
2022;18:30;Verona;Napoli;2-5;3.75;3.56;1.97
2022;20:45;Salernitana;Roma;0-1;6.69;4.53;1.46
2022;20:45;Spezia;Empoli;1-0;2.43;3.34;2.90
2022;18:30;Fiorentina;Cremonese;3-2;1.58;4.24;5.41
2022;18:30;Lazio;Bologna;2-1;1.68;3.96;4.81
2022;20:45;Lecce;Inter;1-2;8.68;5.34;1.33
2022;20:45;Monza;Torino;1-2;2.58;3.13;2.89
2022;18:30;Milan;Udinese;4-2;1.46;4.57;6.70
2022;18:30;Sampdoria;Atalanta;0-2;5.24;3.96;1.64
2021;21:00;Salernitana;Udinese;0-4;1.85;3.84;3.86
2021;21:00;Venezia;Cagliari;0-0;5.31;4.00;1.61
2021;18:00;Inter;Sampdoria;3-0;1.13;8.83;17.17
2021;18:00;Sassuolo;Milan;0-3;6.57;4.83;1.44
2021;12:30;Spezia;Napoli;0-3;4.48;4.08;1.69
2021;20:45;Atalanta;Empoli;0-1;1.19;7.57;11.84
2021;20:45;Fiorentina;Juventus;2-0;1.80;3.78;4.17
2021;20:45;Lazio;Verona;3-3;1.89;3.65;3.85
2021;17:15;Genoa;Bologna;0-1;1.84;3.83;3.90
2021;20:45;Torino;Roma;0-3;3.55;3.58;2.02
2021;20:45;Juventus;Lazio;2-2;2.08;3.51;3.44
2021;18:30;Sampdoria;Fiorentina;4-1;5.80;4.28;1.54
2021;20:45;Cagliari;Inter;1-3;7.35;5.46;1.35
2021;18:00;Milan;Atalanta;2-0;1.86;3.68;4.04
2021;15:00;Napoli;Genoa;3-0;1.67;4.35;4.37
2021;12:30;Bologna;Sassuolo;1-3;2.35;3.77;2.71
2021;20:45;Roma;Venezia;1-1;1.24;6.19;10.78
2021;18:00;Udinese;Spezia;2-3;1.64;3.93;5.09
2021;18:00;Verona;Torino;0-1;1.96;3.43;3.88
2021;15:00;Empoli;Salernitana;1-1;2.92;3.59;2.27
2021;20:45;Fiorentina;Roma;2-0;2.66;3.29;2.68
2021;20:45;Verona;Milan;1-3;4.99;3.86;1.67
2021;18:00;Salernitana;Cagliari;1-1;2.38;3.06;3.23
2021;15:00;Venezia;Bologna;4-3;3.13;3.51;2.22
2021;12:30;Spezia;Atalanta;1-3;6.46;4.77;1.44
2021;20:45;Lazio;Sampdoria;2-0;1.44;4.63;6.98
2021;18:00;Sassuolo;Udinese;1-1;2.42;3.64;2.73
2021;15:00;Torino;Napoli;0-1;3.47;3.49;2.09
2021;21:00;Genoa;Juventus;2-1;3.63;3.33;2.10
2021;18:45;Inter;Empoli;4-2;1.13;8.98;17.19
2021;18:00;Salernitana;Venezia;2-1;1.93;3.51;3.93
2021;20:45;Atalanta;Salernitana;1-1;1.28;5.99;9.43
2021;20:45;Roma;Bologna;0-0;1.50;4.38;6.43
2021;18:00;Udinese;Inter;1-2;6.41;4.57;1.47
2021;15:00;Milan;Fiorentina;1-0;1.56;4.14;5.79
2021;15:00;Empoli;Torino;1-3;2.81;3.39;2.46
2021;12:30;Juventus;Venezia;2-1;1.24;6.17;11.78
2021;20:45;Spezia;Lazio;3-4;6.54;4.43;1.49
2021;18:00;Sampdoria;Genoa;1-0;2.89;2.93;2.72
2021;15:00;Cagliari;Verona;1-2;2.51;3.28;2.84
2021;15:00;Napoli;Sassuolo;6-1;1.39;5.29;6.98
2021;20:15;Atalanta;Torino;4-4;1.50;4.43;6.29
2021;20:15;Bologna;Inter;2-1;8.41;5.48;1.33
2021;18:00;Fiorentina;Udinese;0-4;1.62;4.02;5.29
2021;20:45;Sassuolo;Juventus;1-2;4.18;3.90;1.79
2021;20:45;Lazio;Milan;1-2;3.04;3.38;2.33
2021;18:00;Genoa;Cagliari;1-0;2.05;3.24;3.87
2021;15:00;Bologna;Udinese;2-2;3.19;3.31;2.29
2021;15:00;Empoli;Napoli;3-2;4.84;4.17;1.64
2021;12:30;Salernitana;Fiorentina;2-1;4.55;3.56;1.81
2021;20:45;Verona;Sampdoria;1-1;1.66;3.86;5.18
2021;18:00;Inter;Roma;3-1;1.64;3.96;5.23
2021;15:00;Torino;Spezia;2-1;1.64;3.74;5.66
2021;15:00;Venezia;Atalanta;1-3;6.86;4.74;1.44
2021;18:45;Udinese;Salernitana;0-1;1.64;3.92;5.25
2021;21:00;Atalanta;Verona;1-2;1.63;4.03;5.18
2021;19:00;Napoli;Roma;1-1;2.02;3.47;3.69
2021;20:45;Lazio;Torino;1-1;1.64;3.89;5.44
2021;18:30;Juventus;Bologna;1-1;1.34;5.04;9.03
2021;16:30;Fiorentina;Venezia;1-0;1.36;5.02;8.63
2021;14:30;Sampdoria;Salernitana;1-2;1.76;3.59;4.79
2021;14:30;Udinese;Empoli;4-1;1.60;4.09;5.54
2021;12:30;Cagliari;Sassuolo;1-0;2.56;3.48;2.66
2021;21:00;Milan;Genoa;2-0;1.36;4.91;8.91
2021;19:00;Spezia;Inter;1-3;10.32;5.45;1.29
2021;20:45;Bologna;Sampdoria;2-0;2.33;3.19;3.22
2021;20:45;Torino;Milan;0-0;4.57;3.56;1.82
2021;18:00;Roma;Salernitana;2-1;1.33;5.15;9.09
2021;15:00;Napoli;Fiorentina;2-3;1.77;3.72;4.55
2021;15:00;Sassuolo;Atalanta;2-1;2.99;3.76;2.21
2021;15:00;Venezia;Udinese;1-2;3.76;3.39;2.02
2021;12:30;Genoa;Lazio;1-4;3.70;3.31;2.08
2021;20:45;Cagliari;Juventus;1-2;6.38;3.83;1.58
2021;18:00;Inter;Verona;2-0;1.42;4.83;7.21
2021;15:00;Empoli;Spezia;0-0;1.89;3.43;4.34
2021;20:45;Milan;Bologna;0-0;1.32;5.16;9.67
2021;18:30;Verona;Genoa;1-0;1.82;3.44;4.69
2021;20:45;Juventus;Inter;0-1;2.94;3.19;2.51
2021;18:00;Sampdoria;Roma;0-1;4.58;3.75;1.77
2021;15:00;Atalanta;Napoli;1-3;2.23;3.29;3.33
2021;15:00;Udinese;Cagliari;5-1;1.95;3.30;4.31
2021;12:30;Fiorentina;Empoli;1-0;1.56;4.24;5.75
2021;20:45;Salernitana;Torino;0-1;3.52;3.34;2.13
2021;18:00;Lazio;Sassuolo;2-1;1.53;4.56;5.47
2021;15:00;Spezia;Venezia;1-0;2.21;3.19;3.45
2021;20:45;Bologna;Atalanta;0-1;4.16;3.47;1.90
2021;18:00;Roma;Lazio;3-0;2.63;3.16;2.80
2021;15:00;Empoli;Verona;1-1;2.66;3.39;2.62
2021;15:00;Juventus;Salernitana;2-0;1.21;6.53;13.00
2021;12:30;Venezia;Sampdoria;0-2;2.66;3.22;2.71
2021;20:45;Cagliari;Milan;0-1;5.32;3.84;1.65
2021;18:00;Inter;Fiorentina;1-1;1.48;4.46;6.31
2021;15:00;Napoli;Udinese;2-1;1.51;4.16;6.56
2021;21:00;Genoa;Torino;1-0;3.12;3.09;2.43
2021;18:45;Sassuolo;Spezia;4-1;1.76;3.88;4.41
2021;20:45;Lazio;Venezia;1-0;1.31;5.46;9.62
2021;20:45;Torino;Inter;1-1;5.00;3.64;1.73
2021;18:00;Atalanta;Genoa;0-0;1.34;5.24;8.63
2021;18:00;Udinese;Roma;1-1;3.15;3.30;2.31
2021;15:00;Verona;Napoli;1-2;3.48;3.33;2.15
2021;12:30;Fiorentina;Bologna;1-0;1.60;4.09;5.49
2021;20:45;Milan;Empoli;1-0;1.35;5.21;8.40
2021;18:00;Sampdoria;Juventus;1-3;5.31;3.67;1.69
2021;15:00;Salernitana;Sassuolo;2-2;3.71;3.90;1.89
2021;15:00;Spezia;Cagliari;2-0;2.78;3.03;2.72
2021;20:45;Napoli;Milan;0-1;2.14;3.24;3.59
2021;18:00;Juventus;Spezia;1-0;1.28;5.67;10.81
2021;15:00;Bologna;Torino;0-0;2.84;3.07;2.66
2021;15:00;Fiorentina;Verona;1-1;2.00;3.51;3.71
2021;15:00;Venezia;Sassuolo;1-4;3.33;3.65;2.09
2021;12:30;Genoa;Empoli;0-0;2.59;3.23;2.79
2021;20:45;Cagliari;Lazio;0-3;3.84;3.39;2.01
2021;18:00;Roma;Atalanta;1-0;2.59;3.24;2.79
2021;15:00;Udinese;Sampdoria;2-1;1.77;3.63;4.74
2021;20:45;Inter;Salernitana;5-0;1.13;8.59;20.43
2021;20:50;Atalanta;Sampdoria;4-0;1.39;4.79;8.01
2021;20:50;Lazio;Napoli;1-2;2.85;3.24;2.55
2021;18:05;Spezia;Roma;0-1;4.89;3.71;1.73
2021;15:05;Verona;Venezia;3-1;1.62;3.86;5.48
2021;12:35;Torino;Cagliari;1-2;1.71;3.57;5.37
2021;20:45;Sassuolo;Fiorentina;2-1;2.61;3.53;2.58
2021;18:05;Empoli;Juventus;2-3;4.89;3.79;1.71
2021;15:05;Salernitana;Bologna;1-1;3.33;3.33;2.20
2021;21:00;Genoa;Inter;0-0;9.11;5.17;1.34
2021;18:45;Milan;Udinese;1-1;1.49;4.17;7.18
2021;21:00;Bologna;Spezia;2-1;1.88;3.48;4.27
2021;19:00;Cagliari;Napoli;1-1;5.44;3.66;1.68
2021;20:45;Udinese;Lazio;1-1;2.74;3.07;2.76
2021;18:00;Inter;Sassuolo;0-2;1.27;6.13;9.49
2021;15:00;Venezia;Genoa;1-1;2.51;3.11;3.01
2021;12:30;Fiorentina;Atalanta;1-0;2.61;3.38;2.66
2021;20:45;Salernitana;Milan;2-2;9.99;5.19;1.32
2021;18:00;Roma;Verona;2-2;2.12;3.38;3.49
2021;15:00;Sampdoria;Empoli;2-0;2.36;3.38;2.99
2021;20:45;Juventus;Torino;1-1;1.66;3.60;5.85
2021;20:45;Spezia;Fiorentina;1-2;3.91;3.57;1.93
2021;20:45;Atalanta;Juventus;1-1;2.99;3.25;2.43
2021;18:00;Sassuolo;Roma;2-2;3.35;3.67;2.07
2021;15:00;Empoli;Cagliari;1-1;2.02;3.54;3.62
2021;15:00;Genoa;Salernitana;1-1;1.85;3.53;4.33
2021;15:00;Verona;Udinese;4-0;1.88;3.47;4.24
2021;12:30;Milan;Sampdoria;1-0;1.38;4.96;7.92
2021;20:45;Torino;Venezia;1-2;1.54;3.99;6.51
2021;18:00;Napoli;Inter;1-1;2.67;3.30;2.63
2021;15:00;Lazio;Bologna;3-0;1.66;3.95;5.03
2021;20:45;Salernitana;Spezia;2-2;2.70;3.17;2.72
2021;20:45;Juventus;Verona;2-0;1.58;3.92;6.13
2021;18:00;Udinese;Torino;2-0;3.16;3.10;2.41
2021;15:00;Bologna;Empoli;0-0;2.04;3.43;3.66
2021;15:00;Sampdoria;Sassuolo;4-0;2.71;3.63;2.44
2021;15:00;Venezia;Napoli;0-2;7.55;4.40;1.45
2021;12:30;Atalanta;Cagliari;1-2;1.22;6.56;12.53
2021;20:45;Fiorentina;Lazio;0-3;2.36;3.35;3.02
2021;18:00;Inter;Milan;1-2;1.88;3.59;4.12
2021;15:00;Roma;Genoa;0-0;1.36;5.00;8.47
2021;20:45;Milan;Juventus;0-0;2.69;3.12;2.77
2021;18:00;Empoli;Roma;2-4;3.82;3.95;1.86
2021;15:00;Napoli;Salernitana;4-1;1.12;8.58;21.97
2021;15:00;Spezia;Sampdoria;1-0;2.60;3.12;2.84
2021;15:00;Torino;Sassuolo;1-1;1.94;3.57;3.84
2021;12:30;Cagliari;Fiorentina;1-1;6.37;4.26;1.51
2021;20:45;Lazio;Atalanta;0-0;2.29;3.52;2.99
2021;18:00;Inter;Venezia;2-1;1.10;9.69;22.89
2021;15:00;Genoa;Udinese;0-0;3.50;3.21;2.18
2021;20:45;Verona;Bologna;2-1;1.81;3.64;4.35
2021;20:45;Fiorentina;Genoa;6-0;1.40;4.68;7.96
2021;18:30;Milan;Spezia;1-2;1.28;5.79;10.00
2021;18:30;Bologna;Napoli;0-2;4.33;3.55;1.84
2021;20:45;Atalanta;Inter;0-0;3.09;3.50;2.25
2021;18:00;Roma;Cagliari;1-0;1.34;5.19;8.53
2021;15:00;Venezia;Empoli;1-1;2.80;3.49;2.43
2021;12:30;Sassuolo;Verona;2-4;2.41;3.38;2.92
2021;20:45;Juventus;Udinese;2-0;1.41;4.50;8.07
2021;18:00;Salernitana;Lazio;0-3;9.69;5.42;1.30
2021;15:00;Sampdoria;Torino;1-2;3.54;3.33;2.12
2021;20:45;Cagliari;Bologna;2-1;2.91;3.28;2.44
2021;17:00;Torino;Fiorentina;4-0;2.95;3.29;2.42
2021;20:45;Inter;Lazio;2-1;1.35;5.11;8.38
2021;20:45;Verona;Salernitana;1-2;1.33;5.27;9.00
2021;18:30;Roma;Juventus;3-4;3.00;3.17;2.46
2021;18:30;Genoa;Spezia;0-1;2.26;3.11;3.45
2021;16:30;Napoli;Sampdoria;1-0;1.38;4.79;8.32
2021;16:30;Udinese;Atalanta;2-6;4.77;3.74;1.72
2021;14:30;Empoli;Sassuolo;1-5;2.66;3.76;2.41
2021;12:30;Venezia;Milan;0-3;5.63;4.10;1.58
2021;20:45;Juventus;Napoli;1-1;1.74;3.53;5.02
2021;18:30;Milan;Roma;3-1;2.23;3.52;3.10
2021;16:30;Sassuolo;Genoa;1-1;1.75;3.72;4.64
2021;14:30;Lazio;Empoli;3-3;1.59;4.27;5.14
2021;14:30;Spezia;Verona;1-2;3.27;3.35;2.21
2021;12:30;Sampdoria;Cagliari;1-2;1.75;3.70;4.65
2021;20:45;Empoli;Milan;2-4;3.99;3.81;1.84
2021;20:45;Napoli;Spezia;0-1;1.25;6.02;11.58
2021;18:30;Roma;Sampdoria;1-1;1.50;4.43;6.13
2021;18:30;Inter;Torino;1-0;1.28;5.59;11.00
2021;18:30;Verona;Fiorentina;1-1;2.91;3.39;2.40
2021;16:30;Sassuolo;Bologna;0-3;2.10;3.59;3.33
2021;16:30;Venezia;Lazio;1-3;4.14;3.36;1.93
2021;20:45;Genoa;Atalanta;0-0;6.36;4.58;1.47
2021;20:45;Juventus;Cagliari;2-0;1.21;6.30;15.53
2021;20:45;Milan;Napoli;0-1;2.09;3.43;3.52
2021;18:00;Sampdoria;Venezia;1-1;1.76;3.67;4.69
2021;18:00;Torino;Verona;1-0;2.21;3.28;3.38
2021;15:00;Spezia;Empoli;1-1;2.64;3.49;2.56
2021;12:30;Fiorentina;Sassuolo;2-2;1.89;3.62;4.01
2021;20:45;Cagliari;Udinese;0-4;3.07;3.22;2.39
2021;18:00;Bologna;Juventus;0-2;4.13;3.45;1.91
2021;15:00;Atalanta;Roma;1-4;1.72;4.03;4.45
2021;20:45;Salernitana;Inter;0-5;17.94;8.09;1.14
2021;18:30;Lazio;Genoa;3-1;1.58;3.89;6.07
2021;20:45;Roma;Spezia;2-0;1.37;4.99;7.96
2021;20:45;Inter;Cagliari;4-0;1.15;7.77;17.39
2021;18:00;Napoli;Empoli;0-1;1.37;5.07;7.84
2021;18:00;Sassuolo;Lazio;2-1;2.42;3.47;2.88
2021;15:00;Verona;Atalanta;1-2;3.60;3.68;1.99
2021;12:30;Torino;Bologna;2-1;2.14;3.29;3.54
2021;20:45;Udinese;Milan;1-1;4.33;3.53;1.85
2021;18:00;Venezia;Juventus;1-1;8.24;4.55;1.40
2021;15:00;Fiorentina;Salernitana;4-0;1.27;5.74;10.72
2021;20:45;Genoa;Sampdoria;1-3;3.40;3.11;2.30
2021;20:45;Cagliari;Torino;1-1;3.19;3.16;2.38
2021;18:30;Empoli;Udinese;3-1;2.37;3.38;2.99
2021;20:45;Juventus;Genoa;2-0;1.21;6.34;15.50
2021;18:00;Sampdoria;Lazio;1-3;3.27;3.51;2.17
2021;15:00;Spezia;Sassuolo;2-2;3.03;3.48;2.30
2021;15:00;Venezia;Verona;3-4;3.79;3.40;2.02
2021;12:30;Bologna;Fiorentina;2-3;2.91;3.19;2.55
2021;20:45;Napoli;Atalanta;2-3;2.71;3.37;2.60
2021;18:00;Roma;Inter;0-3;3.80;3.62;1.96
2021;15:00;Milan;Salernitana;2-0;1.22;6.43;13.20
2021;20:45;Lazio;Udinese;4-4;1.62;3.84;5.69
2021;18:30;Torino;Empoli;2-2;1.77;3.62;4.69
2021;20:45;Genoa;Milan;0-3;5.97;4.13;1.56
2021;20:45;Sassuolo;Napoli;2-2;4.11;3.78;1.84
2021;18:30;Bologna;Roma;1-0;2.89;3.36;2.46
2021;18:30;Inter;Spezia;2-0;1.15;8.22;16.22
2021;20:45;Salernitana;Juventus;0-2;9.17;4.94;1.35
2021;20:45;Verona;Cagliari;0-0;1.55;4.18;6.06
2021;18:30;Atalanta;Venezia;4-0;1.24;6.01;12.77
2021;18:30;Fiorentina;Sampdoria;3-1;1.72;3.69;5.01
2021;20:45;Napoli;Lazio;4-0;1.82;3.72;4.31
2021;18:00;Roma;Torino;1-0;1.77;3.79;4.56
2021;15:00;Milan;Sassuolo;1-3;1.47;4.74;6.40
2021;15:00;Spezia;Bologna;0-1;3.21;3.33;2.28
2021;12:30;Udinese;Genoa;0-0;1.67;3.71;5.46
2021;20:45;Venezia;Inter;0-2;8.62;4.99;1.36
2021;18:00;Juventus;Atalanta;0-1;2.05;3.50;3.60
2021;15:00;Empoli;Fiorentina;2-1;3.76;3.59;1.97
2021;15:00;Sampdoria;Verona;3-1;2.86;3.35;2.47
2021;20:45;Cagliari;Salernitana;1-1;1.81;3.48;4.71
2021;20:45;Torino;Udinese;2-1;2.09;3.21;3.84
2021;18:30;Verona;Empoli;2-1;1.73;3.81;4.75
2021;20:45;Genoa;Roma;0-2;4.48;3.98;1.73
2021;18:00;Inter;Napoli;3-2;2.22;3.39;3.31
2021;15:00;Bologna;Venezia;0-1;1.66;3.81;5.38
2021;15:00;Salernitana;Sampdoria;0-2;2.90;3.21;2.52
2021;12:30;Sassuolo;Cagliari;2-2;1.59;4.26;5.36
2021;20:45;Fiorentina;Milan;4-3;2.94;3.28;2.46
2021;18:00;Lazio;Juventus;0-2;2.96;3.19;2.50
2021;15:00;Atalanta;Spezia;5-2;1.25;6.32;10.61
2021;20:45;Milan;Inter;1-1;3.46;3.47;2.12
2021;18:00;Lazio;Salernitana;3-0;1.30;5.64;9.78
2021;18:00;Napoli;Verona;1-1;1.43;4.74;7.28
2021;15:00;Sampdoria;Bologna;1-2;2.69;3.28;2.66
2021;15:00;Udinese;Sassuolo;3-2;2.23;3.42;3.25
2021;12:30;Venezia;Roma;3-2;5.35;3.88;1.64
2021;20:45;Cagliari;Atalanta;1-2;5.94;4.51;1.51
2021;18:00;Juventus;Fiorentina;1-0;1.65;3.77;5.62
2021;15:00;Spezia;Torino;1-0;3.43;3.42;2.14
2021;20:45;Empoli;Genoa;2-2;2.14;3.51;3.33
2021;20:45;Bologna;Cagliari;2-0;1.68;3.88;5.16
2021;20:45;Roma;Milan;1-2;2.33;3.46;3.02
2021;18:00;Salernitana;Napoli;0-1;10.17;5.47;1.30
2021;15:00;Fiorentina;Spezia;3-0;1.63;4.14;5.17
2021;15:00;Genoa;Venezia;0-0;1.99;3.46;3.85
2021;15:00;Sassuolo;Empoli;1-2;1.69;4.21;4.51
2021;12:30;Inter;Udinese;2-0;1.35;5.06;9.19
2021;20:45;Torino;Sampdoria;3-0;1.82;3.62;4.41
2021;18:00;Verona;Juventus;2-1;4.41;3.61;1.82
2021;15:00;Atalanta;Lazio;2-2;1.96;3.87;3.56
2021;20:45;Napoli;Bologna;3-0;1.24;6.29;11.78
2021;20:45;Cagliari;Roma;1-2;6.41;4.54;1.49
2021;20:45;Empoli;Inter;0-2;6.81;5.01;1.42
2021;20:45;Lazio;Fiorentina;1-0;1.83;3.69;4.28
2021;18:30;Juventus;Sassuolo;1-2;1.41;4.91;7.24
2021;18:30;Sampdoria;Atalanta;1-3;4.19;3.89;1.80
2021;18:30;Udinese;Verona;1-1;2.38;3.18;3.16
2021;20:45;Milan;Torino;1-0;1.63;3.86;5.59
2021;18:30;Spezia;Genoa;1-1;2.25;3.48;3.14
2021;18:30;Venezia;Salernitana;1-2;1.98;3.42;3.99
2021;20:45;Inter;Juventus;1-1;2.07;3.53;3.54
2021;18:00;Roma;Napoli;0-0;2.93;3.39;2.42
2021;15:00;Fiorentina;Cagliari;3-0;1.58;4.00;5.90
2021;15:00;Verona;Lazio;4-1;2.97;3.39;2.38
2021;12:30;Atalanta;Udinese;1-1;1.39;5.04;7.64
2021;20:45;Bologna;Milan;2-4;3.41;3.41;2.16
2021;18:00;Sassuolo;Venezia;3-1;1.60;4.05;5.51
2021;15:00;Salernitana;Empoli;2-4;3.04;3.41;2.34
2021;20:45;Sampdoria;Spezia;2-1;1.75;3.90;4.48
2021;18:30;Torino;Genoa;3-2;1.73;3.70;4.98
2021;20:45;Venezia;Fiorentina;1-0;4.07;3.49;1.93
2021;20:45;Juventus;Roma;1-0;1.90;3.59;4.05
2021;18:00;Napoli;Torino;1-0;1.36;5.05;8.46
2021;15:00;Empoli;Atalanta;1-4;5.09;4.21;1.62
2021;15:00;Genoa;Sassuolo;2-2;3.07;3.43;2.31
2021;15:00;Udinese;Bologna;1-1;2.22;3.34;3.34
2021;12:30;Cagliari;Sampdoria;3-1;2.46;3.31;2.91
2021;20:45;Milan;Verona;3-2;1.57;4.19;5.81
2021;18:00;Lazio;Inter;3-1;3.21;3.33;2.28
2021;15:00;Spezia;Salernitana;2-1;2.10;3.33;3.66
2021;20:45;Atalanta;Milan;2-3;2.14;3.49;3.36
2021;18:00;Roma;Empoli;2-0;1.37;5.35;7.28
2021;18:00;Fiorentina;Napoli;1-2;3.84;3.54;1.96
2021;15:00;Sampdoria;Udinese;3-3;2.19;3.24;3.48
2021;15:00;Verona;Spezia;4-0;1.57;4.26;5.57
2021;12:30;Bologna;Lazio;3-0;3.10;3.42;2.29
2021;20:45;Sassuolo;Inter;1-2;4.81;4.34;1.64
2021;18:00;Torino;Juventus;0-1;4.39;3.33;1.91
2021;15:00;Salernitana;Genoa;1-0;2.74;3.13;2.73
2021;20:45;Cagliari;Venezia;1-1;1.78;3.60;4.67
2021;20:45;Venezia;Torino;1-1;3.51;3.27;2.17
2021;20:45;Napoli;Cagliari;2-0;1.24;6.41;11.87
2021;18:00;Lazio;Roma;3-2;2.44;3.35;2.95
2021;15:00;Empoli;Bologna;4-2;2.68;3.48;2.56
2021;15:00;Sassuolo;Salernitana;1-0;1.38;4.99;7.96
2021;15:00;Udinese;Fiorentina;0-1;2.99;3.19;2.48
2021;12:30;Juventus;Sampdoria;3-2;1.35;5.23;8.28
2021;20:45;Genoa;Verona;3-3;2.67;3.19;2.74
2021;18:00;Inter;Atalanta;2-2;1.90;3.73;3.87
2021;15:00;Spezia;Milan;1-2;5.82;4.16;1.57
2021;20:45;Roma;Udinese;1-0;1.46;4.49;6.90
2021;18:30;Sampdoria;Napoli;0-4;4.50;3.81;1.76
2021;18:30;Torino;Lazio;1-1;3.10;3.33;2.34
2021;20:45;Milan;Venezia;2-0;1.25;5.97;12.03
2021;20:45;Cagliari;Empoli;0-2;2.01;3.69;3.55
2021;18:30;Salernitana;Verona;2-2;3.83;3.22;2.09
2021;18:30;Spezia;Juventus;2-3;8.13;5.14;1.36
2021;20:45;Atalanta;Sassuolo;2-1;1.50;4.49;6.16
2021;20:45;Fiorentina;Inter;1-3;4.10;3.76;1.84
2021;18:30;Bologna;Genoa;2-2;1.84;3.53;4.42
2021;20:45;Udinese;Napoli;0-4;4.14;3.51;2.07
2021;20:45;Juventus;Milan;1-1;1.93;3.67;3.88
2021;18:00;Lazio;Cagliari;2-2;1.45;4.60;7.09
2021;18:00;Verona;Roma;3-2;3.35;3.51;2.14
2021;15:00;Venezia;Spezia;1-2;2.34;3.26;3.16
2021;12:30;Empoli;Sampdoria;0-3;2.62;3.42;2.65
2021;20:45;Salernitana;Atalanta;0-1;10.96;5.78;1.27
2021;18:00;Inter;Bologna;6-1;1.38;5.03;7.82
2021;15:00;Genoa;Fiorentina;1-2;3.39;3.31;2.20
2021;20:45;Sassuolo;Torino;0-1;1.77;3.91;4.37
2021;20:45;Bologna;Verona;1-0;2.17;3.47;3.30
2021;20:45;Roma;Sassuolo;2-1;1.60;4.41;5.04
2021;18:00;Milan;Lazio;2-0;2.27;3.41;3.17
2021;15:00;Cagliari;Genoa;2-3;2.05;3.41;3.71
2021;15:00;Spezia;Udinese;0-1;3.34;3.41;2.18
2021;15:00;Torino;Salernitana;4-0;1.68;3.79;5.12
2021;12:30;Sampdoria;Inter;2-2;5.26;4.03;1.63
2021;20:45;Atalanta;Fiorentina;1-2;1.60;4.09;5.47
2021;18:00;Napoli;Juventus;2-1;2.15;3.46;3.40
2021;15:00;Empoli;Venezia;1-2;1.68;3.98;4.83
2021;20:45;Milan;Cagliari;4-1;1.47;4.40;6.74
2021;20:45;Salernitana;Roma;0-4;7.11;4.40;1.46
2021;18:30;Genoa;Napoli;1-2;5.66;4.00;1.60
2021;18:30;Sassuolo;Sampdoria;0-0;2.11;3.54;3.41
2021;20:45;Fiorentina;Torino;2-1;1.90;3.66;3.91
2021;20:45;Juventus;Empoli;0-1;1.25;6.14;11.83
2021;18:30;Atalanta;Bologna;0-0;1.30;5.78;9.25
2021;18:30;Lazio;Spezia;6-1;1.31;5.43;9.41
2021;20:45;Verona;Inter;1-3;5.48;4.22;1.58
2021;18:30;Udinese;Venezia;3-0;1.75;3.59;4.95
2021;20:45;Sampdoria;Milan;0-1;3.60;3.43;2.08
2021;18:30;Cagliari;Spezia;2-2;1.81;3.57;4.56
2021;20:45;Roma;Fiorentina;3-1;1.62;4.16;5.13
2021;20:45;Napoli;Venezia;2-0;1.22;6.45;12.97
2021;18:30;Bologna;Salernitana;3-2;1.53;4.32;6.06
2021;18:30;Udinese;Juventus;2-2;6.90;4.08;1.51
2021;20:45;Empoli;Lazio;1-3;3.94;3.74;1.89
2021;20:45;Torino;Atalanta;1-2;6.08;4.40;1.51
2021;18:30;Inter;Genoa;4-0;1.29;5.47;10.80
2021;18:30;Verona;Sassuolo;2-3;2.57;3.39;2.72
