Name,Role,Market Value,Squadra
Alex Meret,"Alex Meret            




            Portiere","18,00 mln €",SSC Napoli
Pierluigi Gollini,"Pierluigi Gollini            




            Portiere","4,50 mln €",SSC Napoli
Salvatore Sirigu,"Salvatore Sirigu            




            Portiere",500 mila €,SSC Napoli
Hubert Idasiak,"Hubert Idasiak            




            Portiere",150 mila €,SSC Napoli
Valerio Boffelli,"Valerio Boffelli            




            Portiere",75 mila €,SSC Napoli
Davide Marfella,"Davide Marfella            




            Portiere",50 mila €,SSC Napoli
Min-jae Kim,"Min-jae Kim            




            Difensore centrale","60,00 mln €",SSC Napoli
Amir Rrahmani,"Amir Rrahmani            




            Difensore centrale","25,00 mln €",SSC Napoli
Leo Østigård,"Leo Østigård            




            Difensore centrale","7,00 mln €",SSC Napoli
Juan Jesus,"Juan Jesus            




            Difensore centrale","3,50 mln €",SSC Napoli
Mathías Olivera,"Mathías Olivera            




            Terzino sinistro","18,00 mln €",SSC Napoli
Mário Rui,"Mário Rui            




            Terzino sinistro","8,00 mln €",SSC Napoli
Giovanni Di Lorenzo,"Giovanni Di Lorenzo  




            Terzino destro","25,00 mln €",SSC Napoli
Alessandro Zanoli,"Alessandro Zanoli            




            Terzino destro","6,00 mln €",SSC Napoli
Bartosz Bereszyński,"Bartosz Bereszyński  




            Terzino destro","1,60 mln €",SSC Napoli
Stanislav Lobotka,"Stanislav Lobotka            




            Mediano","40,00 mln €",SSC Napoli
Diego Demme,"Diego Demme            




            Mediano","3,00 mln €",SSC Napoli
Frank Anguissa,"Frank Anguissa            




            Centrale","40,00 mln €",SSC Napoli
Piotr Zieliński,"Piotr Zieliński            




            Centrale","35,00 mln €",SSC Napoli
Tanguy Ndombélé,"Tanguy Ndombélé            




            Centrale","22,00 mln €",SSC Napoli
Karim Zedadka,"Karim Zedadka            




            Centrocampista di sinistra",200 mila €,SSC Napoli
Eljif Elmas,"Eljif Elmas  




            Trequartista","26,00 mln €",SSC Napoli
Gianluca Gaetano,"Gianluca Gaetano            




            Trequartista","4,50 mln €",SSC Napoli
Khvicha Kvaratskhelia,"Khvicha Kvaratskhelia            




            Ala sinistra","85,00 mln €",SSC Napoli
Hirving Lozano,"Hirving Lozano            




            Ala sinistra","25,00 mln €",SSC Napoli
Alessio Zerbin,"Alessio Zerbin            




            Ala sinistra","4,00 mln €",SSC Napoli
Matteo Politano,"Matteo Politano            




            Ala destra","15,00 mln €",SSC Napoli
Adam Ounas,"Adam Ounas            




            Ala destra","7,00 mln €",SSC Napoli
Giacomo Raspadori,"Giacomo Raspadori            




            Seconda punta","35,00 mln €",SSC Napoli
Victor Osimhen,"Victor Osimhen            




            Punta centrale","120,00 mln €",SSC Napoli
Giovanni Simeone,"Giovanni Simeone            




            Punta centrale","15,00 mln €",SSC Napoli
André Onana,"André Onana            




            Portiere","35,00 mln €",Inter
Samir Handanovič,"Samir Handanovič            




            Portiere",500 mila €,Inter
Gabriel Brazão,"Gabriel Brazão            




            Portiere",400 mila €,Inter
Alex Cordaz,"Alex Cordaz            




            Portiere",200 mila €,Inter
Nikolaos Botis,"Nikolaos Botis  




            Portiere",100 mila €,Inter
Alessandro Bastoni,"Alessandro Bastoni            




            Difensore centrale","60,00 mln €",Inter
Milan Skriniar,"Milan Skriniar            




            Difensore centrale","50,00 mln €",Inter
Stefan de Vrij,"Stefan de Vrij            




            Difensore centrale","8,00 mln €",Inter
Francesco Acerbi,"Francesco Acerbi  




            Difensore centrale","4,00 mln €",Inter
Danilo D'Ambrosio,"Danilo D'Ambrosio            




            Difensore centrale","1,50 mln €",Inter
Alessandro Fontanarosa,"Alessandro Fontanarosa            




            Difensore centrale",400 mila €,Inter
Federico Dimarco,"Federico Dimarco            




            Terzino sinistro","35,00 mln €",Inter
Robin Gosens,"Robin Gosens            




            Terzino sinistro","15,00 mln €",Inter
Dalbert,"Dalbert            




            Terzino sinistro","1,00 mln €",Inter
Denzel Dumfries,"Denzel Dumfries            




            Terzino destro","28,00 mln €",Inter
Matteo Darmian,"Matteo Darmian  




            Terzino destro","4,00 mln €",Inter
Mattia Zanotti,"Mattia Zanotti            




            Terzino destro",800 mila €,Inter
Hakan Çalhanoğlu,"Hakan Çalhanoğlu            




            Mediano","40,00 mln €",Inter
Marcelo Brozović,"Marcelo Brozović  




            Mediano","25,00 mln €",Inter
Kristjan Asllani,"Kristjan Asllani            




            Mediano","12,00 mln €",Inter
Lucien Agoumé,"Lucien Agoumé            




            Mediano","7,00 mln €",Inter
Aleksandar Stankovic,"Aleksandar Stankovic            




            Mediano",-,Inter
Nicolò Barella,"Nicolò Barella            




            Centrale","75,00 mln €",Inter
Henrikh Mkhitaryan,"Henrikh Mkhitaryan            




            Centrale","6,00 mln €",Inter
Roberto Gagliardini,"Roberto Gagliardini  




            Centrale","4,00 mln €",Inter
Ebenezer Akinsanmiro,"Ebenezer Akinsanmiro            




            Centrale",800 mila €,Inter
Raoul Bellanova,"Raoul Bellanova            




            Centrocampista di destra","5,00 mln €",Inter
Valentín Carboni,"Valentín Carboni  




            Trequartista","5,00 mln €",Inter
Issiaka Kamate,"Issiaka Kamate            




            Ala destra",200 mila €,Inter
Joaquín Correa,"Joaquín Correa            




            Seconda punta","12,00 mln €",Inter
Lautaro Martínez,"Lautaro Martínez  




            Punta centrale","85,00 mln €",Inter
Romelu Lukaku,"Romelu Lukaku            




            Punta centrale","40,00 mln €",Inter
Edin Dzeko,"Edin Dzeko            




            Punta centrale","4,00 mln €",Inter
Eddie Salcedo,"Eddie Salcedo            




            Punta centrale","2,50 mln €",Inter
Dennis Curatolo,"Dennis Curatolo            




            Punta centrale",150 mila €,Inter
Mike Maignan,"Mike Maignan            




            Portiere","45,00 mln €",AC Milan
Ciprian Tătărușanu,"Ciprian Tătărușanu            




            Portiere",400 mila €,AC Milan
Devis Vásquez,"Devis Vásquez            




            Portiere",350 mila €,AC Milan
Andreas Jungdal,"Andreas Jungdal            




            Portiere",300 mila €,AC Milan
Lapo Nava,"Lapo Nava            




            Portiere",150 mila €,AC Milan
Antonio Mirante,"Antonio Mirante            




            Portiere",100 mila €,AC Milan
Fikayo Tomori,"Fikayo Tomori            




            Difensore centrale","40,00 mln €",AC Milan
Pierre Kalulu,"Pierre Kalulu            




            Difensore centrale","30,00 mln €",AC Milan
Malick Thiaw,"Malick Thiaw            




            Difensore centrale","20,00 mln €",AC Milan
Matteo Gabbia,"Matteo Gabbia            




            Difensore centrale","5,00 mln €",AC Milan
Simon Kjær,"Simon Kjær            




            Difensore centrale","3,50 mln €",AC Milan
Andrei Coubiș,"Andrei Coubiș            




            Difensore centrale",100 mila €,AC Milan
Theo Hernández,"Theo Hernández            




            Terzino sinistro","60,00 mln €",AC Milan
Fodé Ballo-Touré,"Fodé Ballo-Touré            




            Terzino sinistro","3,50 mln €",AC Milan
Andrea Bozzolan,"Andrea Bozzolan            




            Terzino sinistro",125 mila €,AC Milan
Davide Calabria,"Davide Calabria  




            Terzino destro","20,00 mln €",AC Milan
Sergiño Dest,"Sergiño Dest  




            Terzino destro","10,00 mln €",AC Milan
Alessandro Florenzi,"Alessandro Florenzi  




            Terzino destro","2,00 mln €",AC Milan
Ismaël Bennacer,"Ismaël Bennacer            




            Mediano","40,00 mln €",AC Milan
Rade Krunic,"Rade Krunic            




            Mediano","10,00 mln €",AC Milan
Yacine Adli,"Yacine Adli            




            Mediano","8,00 mln €",AC Milan
Tiemoué Bakayoko,"Tiemoué Bakayoko            




            Mediano","2,50 mln €",AC Milan
Sandro Tonali,"Sandro Tonali            




            Centrale","50,00 mln €",AC Milan
Tommaso Pobega,"Tommaso Pobega  




            Centrale","14,00 mln €",AC Milan
Aster Vranckx,"Aster Vranckx  




            Centrale","8,50 mln €",AC Milan
Antonio Gala,"Antonio Gala            




            Centrale",75 mila €,AC Milan
Charles De Ketelaere,"Charles De Ketelaere            




            Trequartista","22,00 mln €",AC Milan
Rafael Leão,"Rafael Leão  




            Ala sinistra","90,00 mln €",AC Milan
Ante Rebić,"Ante Rebić            




            Ala sinistra","6,00 mln €",AC Milan
Brahim Díaz,"Brahim Díaz            




            Ala destra","20,00 mln €",AC Milan
Alexis Saelemaekers,"Alexis Saelemaekers            




            Ala destra","15,00 mln €",AC Milan
Junior Messias,"Junior Messias  




            Ala destra","4,50 mln €",AC Milan
Divock Origi,"Divock Origi            




            Punta centrale","6,00 mln €",AC Milan
Olivier Giroud,"Olivier Giroud            




            Punta centrale","4,00 mln €",AC Milan
Marko Lazetić,"Marko Lazetić            




            Punta centrale","2,00 mln €",AC Milan
Zlatan Ibrahimović,"Zlatan Ibrahimović            




            Punta centrale","2,00 mln €",AC Milan
Wojciech Szczęsny,"Wojciech Szczęsny            




            Portiere","10,00 mln €",Juventus FC
Mattia Perin,"Mattia Perin            




            Portiere","4,00 mln €",Juventus FC
Gian Marco Crespi,"Gian Marco Crespi  




            Portiere",200 mila €,Juventus FC
Giovanni Garofani,"Giovanni Garofani            




            Portiere",200 mila €,Juventus FC
Carlo Pinsoglio,"Carlo Pinsoglio            




            Portiere",200 mila €,Juventus FC
Simone Scaglia,"Simone Scaglia  




            Portiere",25 mila €,Juventus FC
Bremer,"Bremer  




            Difensore centrale","40,00 mln €",Juventus FC
Danilo,"Danilo  




            Difensore centrale","15,00 mln €",Juventus FC
Federico Gatti,"Federico Gatti            




            Difensore centrale","12,00 mln €",Juventus FC
Daniele Rugani,"Daniele Rugani            




            Difensore centrale","2,00 mln €",Juventus FC
Leonardo Bonucci,"Leonardo Bonucci            




            Difensore centrale","1,50 mln €",Juventus FC
Alessandro Pio Riccio,"Alessandro Pio Riccio            




            Difensore centrale",700 mila €,Juventus FC
Filip Kostić,"Filip Kostić  




            Terzino sinistro","22,00 mln €",Juventus FC
Alex Sandro,"Alex Sandro            




            Terzino sinistro","3,00 mln €",Juventus FC
Mattia De Sciglio,"Mattia De Sciglio            




            Terzino destro","3,00 mln €",Juventus FC
Tommaso Barbieri,"Tommaso Barbieri            




            Terzino destro","1,20 mln €",Juventus FC
Manuel Locatelli,"Manuel Locatelli  




            Mediano","30,00 mln €",Juventus FC
Denis Zakaria,"Denis Zakaria  




            Mediano","18,00 mln €",Juventus FC
Nicolò Rovella,"Nicolò Rovella            




            Mediano","18,00 mln €",Juventus FC
Leandro Paredes,"Leandro Paredes            




            Mediano","12,00 mln €",Juventus FC
Enzo Barrenechea,"Enzo Barrenechea            




            Mediano",900 mila €,Juventus FC
Adrien Rabiot,"Adrien Rabiot            




            Centrale","40,00 mln €",Juventus FC
Nicolò Fagioli,"Nicolò Fagioli            




            Centrale","35,00 mln €",Juventus FC
Weston McKennie,"Weston McKennie            




            Centrale","18,00 mln €",Juventus FC
Paul Pogba,"Paul Pogba  




            Centrale","15,00 mln €",Juventus FC
Fabio Miretti,"Fabio Miretti            




            Centrale","15,00 mln €",Juventus FC
Alessandro Sersanti,"Alessandro Sersanti            




            Centrale",400 mila €,Juventus FC
Juan Cuadrado,"Juan Cuadrado  




            Centrocampista di destra","4,00 mln €",Juventus FC
Nikola Sekulov,"Nikola Sekulov            




            Trequartista",600 mila €,Juventus FC
Mohamed Ihattaren,"Mohamed Ihattaren            




            Trequartista",-,Juventus FC
Samuel Iling-Junior,"Samuel Iling-Junior            




            Ala sinistra","9,00 mln €",Juventus FC
Federico Chiesa,"Federico Chiesa            




            Ala destra","40,00 mln €",Juventus FC
Ángel Di María,"Ángel Di María            




            Ala destra","8,00 mln €",Juventus FC
Matías Soulé,"Matías Soulé            




            Ala destra","4,00 mln €",Juventus FC
Mattia Compagnon,"Mattia Compagnon            




            Ala destra",400 mila €,Juventus FC
Dušan Vlahović,"Dušan Vlahović            




            Punta centrale","70,00 mln €",Juventus FC
Moise Kean,"Moise Kean            




            Punta centrale","18,00 mln €",Juventus FC
Arkadiusz Milik,"Arkadiusz Milik            




            Punta centrale","8,00 mln €",Juventus FC
Kaio Jorge,"Kaio Jorge  




            Punta centrale","3,00 mln €",Juventus FC
Cosimo da Graça,"Cosimo da Graça            




            Punta centrale",800 mila €,Juventus FC
Rui Patrício,"Rui Patrício            




            Portiere","5,00 mln €",AS Roma
Mile Svilar,"Mile Svilar            




            Portiere","1,50 mln €",AS Roma
Pietro Boer,"Pietro Boer            




            Portiere",150 mila €,AS Roma
Gabriele Baldi,"Gabriele Baldi            




            Portiere",100 mila €,AS Roma
Jacopo Del Bello,"Jacopo Del Bello            




            Portiere",25 mila €,AS Roma
Roger Ibañez,"Roger Ibañez            




            Difensore centrale","30,00 mln €",AS Roma
Gianluca Mancini,"Gianluca Mancini            




            Difensore centrale","18,00 mln €",AS Roma
Diego Llorente,"Diego Llorente            




            Difensore centrale","12,00 mln €",AS Roma
Chris Smalling,"Chris Smalling            




            Difensore centrale","8,00 mln €",AS Roma
Marash Kumbulla,"Marash Kumbulla            




            Difensore centrale","8,00 mln €",AS Roma
Dimitrios Keramitsis,"Dimitrios Keramitsis            




            Difensore centrale",250 mila €,AS Roma
William Bianda,"William Bianda            




            Difensore centrale",200 mila €,AS Roma
Brian Silva,"Brian Silva            




            Difensore centrale",75 mila €,AS Roma
Leonardo Spinazzola,"Leonardo Spinazzola            




            Terzino sinistro","10,00 mln €",AS Roma
Matías Viña,"Matías Viña  




            Terzino sinistro","8,00 mln €",AS Roma
Jan Oliveras,"Jan Oliveras  




            Terzino sinistro",175 mila €,AS Roma
Matteo Falasca,"Matteo Falasca            




            Terzino sinistro",100 mila €,AS Roma
Zeki Çelik,"Zeki Çelik            




            Terzino destro","10,00 mln €",AS Roma
Rick Karsdorp,"Rick Karsdorp            




            Terzino destro","7,00 mln €",AS Roma
Filippo Missori,"Filippo Missori            




            Terzino destro",800 mila €,AS Roma
Corentin Louakima,"Corentin Louakima            




            Terzino destro",100 mila €,AS Roma
Bryan Cristante,"Bryan Cristante  




            Mediano","20,00 mln €",AS Roma
Nemanja Matic,"Nemanja Matic            




            Mediano","4,00 mln €",AS Roma
Ebrima Darboe,"Ebrima Darboe            




            Mediano","1,80 mln €",AS Roma
Benjamin Tahirovic,"Benjamin Tahirovic  




            Mediano","1,50 mln €",AS Roma
Giacomo Faticanti,"Giacomo Faticanti            




            Mediano",800 mila €,AS Roma
Filippo Tripi,"Filippo Tripi            




            Mediano",300 mila €,AS Roma
Mady Camara,"Mady Camara            




            Centrale","10,00 mln €",AS Roma
Edoardo Bove,"Edoardo Bove  




            Centrale","10,00 mln €",AS Roma
Georginio Wijnaldum,"Georginio Wijnaldum            




            Centrale","8,00 mln €",AS Roma
Niccolò Pisilli,"Niccolò Pisilli            




            Centrale","1,00 mln €",AS Roma
Riccardo Pagano,"Riccardo Pagano            




            Centrale",900 mila €,AS Roma
Nicola Zalewski,"Nicola Zalewski            




            Centrocampista di sinistra","20,00 mln €",AS Roma
Lorenzo Pellegrini,"Lorenzo Pellegrini  




            Trequartista","35,00 mln €",AS Roma
Nicolò Zaniolo,"Nicolò Zaniolo            




            Trequartista","27,00 mln €",AS Roma
Cristian Volpato,"Cristian Volpato            




            Trequartista","3,00 mln €",AS Roma
Ante Coric,"Ante Coric            




            Trequartista",300 mila €,AS Roma
Claudio Cassano,"Claudio Cassano            




            Trequartista",200 mila €,AS Roma
Stephan El Shaarawy,"Stephan El Shaarawy            




            Ala sinistra","5,00 mln €",AS Roma
Luigi Cherubini,"Luigi Cherubini            




            Ala sinistra",200 mila €,AS Roma
Ola Solbakken,"Ola Solbakken  




            Ala destra","3,50 mln €",AS Roma
Paulo Dybala,"Paulo Dybala            




            Seconda punta","30,00 mln €",AS Roma
Tammy Abraham,"Tammy Abraham            




            Punta centrale","40,00 mln €",AS Roma
Andrea Belotti,"Andrea Belotti            




            Punta centrale","8,00 mln €",AS Roma
Eldor Shomurodov,"Eldor Shomurodov            




            Punta centrale","6,00 mln €",AS Roma
Felix Afena-Gyan,"Felix Afena-Gyan            




            Punta centrale","5,00 mln €",AS Roma
Jordan Majchrzak,"Jordan Majchrzak            




            Punta centrale",400 mila €,AS Roma
Juan Musso,"Juan Musso            




            Portiere","8,00 mln €",Atalanta
Marco Sportiello,"Marco Sportiello            




            Portiere","1,50 mln €",Atalanta
Tommaso Bertini,"Tommaso Bertini            




            Portiere",100 mila €,Atalanta
Francesco Rossi,"Francesco Rossi            




            Portiere",100 mila €,Atalanta
Giorgio Scalvini,"Giorgio Scalvini            




            Difensore centrale","40,00 mln €",Atalanta
Merih Demiral,"Merih Demiral            




            Difensore centrale","20,00 mln €",Atalanta
Caleb Okoli,"Caleb Okoli            




            Difensore centrale","10,00 mln €",Atalanta
Berat Djimsiti,"Berat Djimsiti            




            Difensore centrale","10,00 mln €",Atalanta
Rafael Tolói,"Rafael Tolói  




            Difensore centrale","6,00 mln €",Atalanta
José Luis Palomino,"José Luis Palomino            




            Difensore centrale","2,50 mln €",Atalanta
Iacopo Regonesi,"Iacopo Regonesi            




            Difensore centrale",200 mila €,Atalanta
Tommaso Del Lungo,"Tommaso Del Lungo            




            Difensore centrale",100 mila €,Atalanta
Joakim Maehle,"Joakim Maehle            




            Terzino destro","14,00 mln €",Atalanta
Brandon Soppy,"Brandon Soppy            




            Terzino destro","9,00 mln €",Atalanta
Hans Hateboer,"Hans Hateboer            




            Terzino destro","6,00 mln €",Atalanta
Marten de Roon,"Marten de Roon            




            Mediano","10,00 mln €",Atalanta
Mannah Chiwisa,"Mannah Chiwisa            




            Mediano",125 mila €,Atalanta
Leonardo Mendicino,"Leonardo Mendicino            




            Mediano",-,Atalanta
Éderson,"Éderson            




            Centrale","20,00 mln €",Atalanta
Mario Pasalic,"Mario Pasalic            




            Centrale","20,00 mln €",Atalanta
Endri Muhameti,"Endri Muhameti            




            Centrale",150 mila €,Atalanta
Matteo Colombo,"Matteo Colombo            




            Centrale",125 mila €,Atalanta
Simone Muratore,"Simone Muratore            




            Centrale",100 mila €,Atalanta
Davide Zappacosta,"Davide Zappacosta            




            Centrocampista di destra","7,00 mln €",Atalanta
Nadir Zortea,"Nadir Zortea            




            Centrocampista di destra","2,00 mln €",Atalanta
Marco Palestra,"Marco Palestra            




            Centrocampista di destra",-,Atalanta
Matteo Ruggeri,"Matteo Ruggeri            




            Centrocampista di sinistra","4,00 mln €",Atalanta
Lorenzo Bernasconi,"Lorenzo Bernasconi            




            Centrocampista di sinistra",75 mila €,Atalanta
Teun Koopmeiners,"Teun Koopmeiners            




            Trequartista","30,00 mln €",Atalanta
Ruslan Malinovskyi,"Ruslan Malinovskyi  




            Trequartista","15,00 mln €",Atalanta
Jérémie Boga,"Jérémie Boga  




            Ala sinistra","14,00 mln €",Atalanta
Lukas Vorlicky,"Lukas Vorlicky  




            Ala sinistra",100 mila €,Atalanta
Ademola Lookman,"Ademola Lookman            




            Seconda punta","30,00 mln €",Atalanta
Tommaso De Nipoti,"Tommaso De Nipoti            




            Seconda punta",175 mila €,Atalanta
Alessandro Falleni,"Alessandro Falleni            




            Seconda punta",25 mila €,Atalanta
Rasmus Højlund,"Rasmus Højlund            




            Punta centrale","45,00 mln €",Atalanta
Duván Zapata,"Duván Zapata  




            Punta centrale","8,00 mln €",Atalanta
Luis Muriel,"Luis Muriel            




            Punta centrale","5,00 mln €",Atalanta
Ivan Provedel,"Ivan Provedel            




            Portiere","12,00 mln €",SS Lazio
Luís Maximiano,"Luís Maximiano            




            Portiere","6,00 mln €",SS Lazio
Marius Adamonis,"Marius Adamonis  




            Portiere",150 mila €,SS Lazio
Federico Magro,"Federico Magro            




            Portiere",-,SS Lazio
Nicolò Casale,"Nicolò Casale            




            Difensore centrale","22,00 mln €",SS Lazio
Alessio Romagnoli,"Alessio Romagnoli            




            Difensore centrale","18,00 mln €",SS Lazio
Patric,"Patric  




            Difensore centrale","5,00 mln €",SS Lazio
Mario Gila,"Mario Gila            




            Difensore centrale","3,00 mln €",SS Lazio
Fabio Andrea Ruggeri,"Fabio Andrea Ruggeri            




            Difensore centrale",75 mila €,SS Lazio
Luca Pellegrini,"Luca Pellegrini            




            Terzino sinistro","7,00 mln €",SS Lazio
Mohamed Salim Fares,"Mohamed Salim Fares            




            Terzino sinistro","2,00 mln €",SS Lazio
Dimitrije Kamenovic,"Dimitrije Kamenovic            




            Terzino sinistro",700 mila €,SS Lazio
Ștefan Radu,"Ștefan Radu            




            Terzino sinistro",300 mila €,SS Lazio
Adam Marusic,"Adam Marusic            




            Terzino destro","8,00 mln €",SS Lazio
Elseid Hysaj,"Elseid Hysaj            




            Terzino destro","5,00 mln €",SS Lazio
Djavan Anderson,"Djavan Anderson            




            Terzino destro",275 mila €,SS Lazio
Romano Floriani Mussolini,"Romano Floriani Mussolini            




            Terzino destro",75 mila €,SS Lazio
Danilo Cataldi,"Danilo Cataldi            




            Mediano","10,00 mln €",SS Lazio
Marco Bertini,"Marco Bertini            




            Mediano",100 mila €,SS Lazio
Sergej Milinković-Savić,"Sergej Milinković-Savić            




            Centrale","50,00 mln €",SS Lazio
Marcos Antônio,"Marcos Antônio            




            Centrale","8,00 mln €",SS Lazio
Toma Bašić,"Toma Bašić            




            Centrale","6,00 mln €",SS Lazio
Matías Vecino,"Matías Vecino  




            Centrale","4,50 mln €",SS Lazio
Manuel Lazzari,"Manuel Lazzari  




            Centrocampista di destra","7,50 mln €",SS Lazio
Luis Alberto,"Luis Alberto            




            Trequartista","18,00 mln €",SS Lazio
Mattia Zaccagni,"Mattia Zaccagni  




            Ala sinistra","30,00 mln €",SS Lazio
Felipe Anderson,"Felipe Anderson            




            Ala sinistra","15,00 mln €",SS Lazio
Raúl Moro,"Raúl Moro            




            Ala sinistra","2,50 mln €",SS Lazio
Matteo Cancellieri,"Matteo Cancellieri            




            Ala destra","5,00 mln €",SS Lazio
Luka Romero,"Luka Romero            




            Ala destra","3,00 mln €",SS Lazio
Pedro,"Pedro  




            Ala destra","1,50 mln €",SS Lazio
Diego González,"Diego González            




            Ala destra",750 mila €,SS Lazio
Ciro Immobile,"Ciro Immobile            




            Punta centrale","15,00 mln €",SS Lazio
Pierluigi Gollini,"Pierluigi Gollini            




            Portiere","4,50 mln €",ACF Fiorentina
Pietro Terracciano,"Pietro Terracciano            




            Portiere","2,00 mln €",ACF Fiorentina
Michele Cerofolini,"Michele Cerofolini            




            Portiere",500 mila €,ACF Fiorentina
Salvatore Sirigu,"Salvatore Sirigu            




            Portiere",500 mila €,ACF Fiorentina
Tommaso Martinelli,"Tommaso Martinelli            




            Portiere",-,ACF Fiorentina
Tommaso Vannucchi,"Tommaso Vannucchi            




            Portiere",-,ACF Fiorentina
Nikola Milenković,"Nikola Milenković            




            Difensore centrale","18,00 mln €",ACF Fiorentina
Lucas Martínez Quarta,"Lucas Martínez Quarta            




            Difensore centrale","10,00 mln €",ACF Fiorentina
Igor,"Igor            




            Difensore centrale","10,00 mln €",ACF Fiorentina
Luca Ranieri,"Luca Ranieri            




            Difensore centrale","2,50 mln €",ACF Fiorentina
Matija Nastasic,"Matija Nastasic            




            Difensore centrale","1,50 mln €",ACF Fiorentina
Dimo Krastev,"Dimo Krastev            




            Difensore centrale",200 mila €,ACF Fiorentina
Cristiano Biraghi,"Cristiano Biraghi  




            Terzino sinistro","5,00 mln €",ACF Fiorentina
Aleksa Terzic,"Aleksa Terzic            




            Terzino sinistro","2,00 mln €",ACF Fiorentina
Dodô,"Dodô            




            Terzino destro","20,00 mln €",ACF Fiorentina
Lorenzo Venuti,"Lorenzo Venuti            




            Terzino destro","2,00 mln €",ACF Fiorentina
Michael Kayode,"Michael Kayode            




            Terzino destro",800 mila €,ACF Fiorentina
Sofyan Amrabat,"Sofyan Amrabat            




            Mediano","30,00 mln €",ACF Fiorentina
Rolando Mandragora,"Rolando Mandragora            




            Mediano","10,00 mln €",ACF Fiorentina
Lorenzo Amatucci,"Lorenzo Amatucci            




            Mediano",700 mila €,ACF Fiorentina
Gaetano Castrovilli,"Gaetano Castrovilli            




            Centrale","10,00 mln €",ACF Fiorentina
Youssef Maleh,"Youssef Maleh            




            Centrale","4,50 mln €",ACF Fiorentina
Alfred Duncan,"Alfred Duncan  




            Centrale","4,00 mln €",ACF Fiorentina
Szymon Żurkowski,"Szymon Żurkowski            




            Centrale","3,50 mln €",ACF Fiorentina
Giacomo Bonaventura,"Giacomo Bonaventura            




            Centrale","2,50 mln €",ACF Fiorentina
Marco Benassi,"Marco Benassi            




            Centrale","1,50 mln €",ACF Fiorentina
Alessandro Bianco,"Alessandro Bianco            




            Centrale",800 mila €,ACF Fiorentina
Costantino Favasuli,"Costantino Favasuli            




            Centrocampista di sinistra",200 mila €,ACF Fiorentina
Antonín Barák,"Antonín Barák            




            Trequartista","10,00 mln €",ACF Fiorentina
Riccardo Saponara,"Riccardo Saponara            




            Trequartista","2,00 mln €",ACF Fiorentina
Christian Kouamé,"Christian Kouamé            




            Ala sinistra","12,00 mln €",ACF Fiorentina
Riccardo Sottil,"Riccardo Sottil            




            Ala sinistra","8,00 mln €",ACF Fiorentina
Josip Brekalo,"Josip Brekalo            




            Ala sinistra","5,00 mln €",ACF Fiorentina
Nico González,"Nico González            




            Ala destra","30,00 mln €",ACF Fiorentina
Jonathan Ikoné,"Jonathan Ikoné            




            Ala destra","16,00 mln €",ACF Fiorentina
Filippo Distefano,"Filippo Distefano            




            Seconda punta",600 mila €,ACF Fiorentina
Arthur Cabral,"Arthur Cabral            




            Punta centrale","20,00 mln €",ACF Fiorentina
Luka Jović,"Luka Jović            




            Punta centrale","8,00 mln €",ACF Fiorentina
Andrea Consigli,"Andrea Consigli            




            Portiere","1,00 mln €",US Sassuolo
Alessandro Russo,"Alessandro Russo            




            Portiere",350 mila €,US Sassuolo
Gioele Zacchi,"Gioele Zacchi            




            Portiere",150 mila €,US Sassuolo
Gianluca Pegolo,"Gianluca Pegolo            




            Portiere",100 mila €,US Sassuolo
Martin Erlić,"Martin Erlić            




            Difensore centrale","5,00 mln €",US Sassuolo
Ruan,"Ruan            




            Difensore centrale","4,50 mln €",US Sassuolo
Gian Marco Ferrari,"Gian Marco Ferrari            




            Difensore centrale","2,00 mln €",US Sassuolo
Filippo Romagna,"Filippo Romagna            




            Difensore centrale",400 mila €,US Sassuolo
Adrian Cannavaro,"Adrian Cannavaro            




            Difensore centrale",100 mila €,US Sassuolo
Rogério,"Rogério  




            Terzino sinistro","5,50 mln €",US Sassuolo
Riccardo Marchizza,"Riccardo Marchizza            




            Terzino sinistro","1,00 mln €",US Sassuolo
Edoardo Pieragnolo,"Edoardo Pieragnolo            




            Terzino sinistro",100 mila €,US Sassuolo
Jeremy Toljan,"Jeremy Toljan            




            Terzino destro","4,50 mln €",US Sassuolo
Mert Müldür,"Mert Müldür  




            Terzino destro","4,00 mln €",US Sassuolo
Kaan Ayhan,"Kaan Ayhan            




            Terzino destro","3,70 mln €",US Sassuolo
Maxime Lopez,"Maxime Lopez            




            Mediano","15,00 mln €",US Sassuolo
Davide Frattesi,"Davide Frattesi            




            Centrale","25,00 mln €",US Sassuolo
Matheus Henrique,"Matheus Henrique  




            Centrale","10,00 mln €",US Sassuolo
Abdou Harroui,"Abdou Harroui  




            Centrale","2,70 mln €",US Sassuolo
Pedro Obiang,"Pedro Obiang            




            Centrale",800 mila €,US Sassuolo
Nadir Zortea,"Nadir Zortea            




            Centrocampista di destra","2,00 mln €",US Sassuolo
Georgios Kyriakopoulos,"Georgios Kyriakopoulos  




            Centrocampista di sinistra","3,80 mln €",US Sassuolo
Hamed Junior Traoré,"Hamed Junior Traoré            




            Trequartista","22,00 mln €",US Sassuolo
Nedim Bajrami,"Nedim Bajrami            




            Trequartista","7,50 mln €",US Sassuolo
Kristian Thorstvedt,"Kristian Thorstvedt            




            Trequartista","7,50 mln €",US Sassuolo
Kevin Bruno,"Kevin Bruno            




            Trequartista",-,US Sassuolo
Armand Laurienté,"Armand Laurienté            




            Ala sinistra","18,00 mln €",US Sassuolo
Emil Konradsen Ceide,"Emil Konradsen Ceide            




            Ala sinistra","2,50 mln €",US Sassuolo
Domenico Berardi,"Domenico Berardi            




            Ala destra","18,00 mln €",US Sassuolo
Luca D'Andrea,"Luca D'Andrea            




            Ala destra","2,50 mln €",US Sassuolo
Giacomo Raspadori,"Giacomo Raspadori            




            Seconda punta","35,00 mln €",US Sassuolo
Andrea Pinamonti,"Andrea Pinamonti            




            Punta centrale","15,00 mln €",US Sassuolo
Agustín Álvarez,"Agustín Álvarez            




            Punta centrale","8,00 mln €",US Sassuolo
Janis Antiste,"Janis Antiste            




            Punta centrale","3,00 mln €",US Sassuolo
Grégoire Defrel,"Grégoire Defrel            




            Punta centrale","1,50 mln €",US Sassuolo
Vanja Milinković-Savić,"Vanja Milinković-Savić            




            Portiere","3,50 mln €",Torino FC
Etrit Berisha,"Etrit Berisha            




            Portiere",400 mila €,Torino FC
Luca Gemello,"Luca Gemello  




            Portiere",300 mila €,Torino FC
Matteo Fiorenza,"Matteo Fiorenza            




            Portiere",50 mila €,Torino FC
Perr Schuurs,"Perr Schuurs  




            Difensore centrale","25,00 mln €",Torino FC
Wilfried Singo,"Wilfried Singo  




            Difensore centrale","12,00 mln €",Torino FC
Alessandro Buongiorno,"Alessandro Buongiorno  




            Difensore centrale","10,00 mln €",Torino FC
David Zima,"David Zima            




            Difensore centrale","5,00 mln €",Torino FC
Andreaw Gravillon,"Andreaw Gravillon  




            Difensore centrale","4,00 mln €",Torino FC
Koffi Djidji,"Koffi Djidji            




            Difensore centrale","3,00 mln €",Torino FC
Ange Caumenan N'Guessan,"Ange Caumenan N'Guessan            




            Difensore centrale",200 mila €,Torino FC
Sebas Wade,"Sebas Wade            




            Difensore centrale",10 mila €,Torino FC
Ricardo Rodríguez,"Ricardo Rodríguez            




            Terzino sinistro","3,50 mln €",Torino FC
Mërgim Vojvoda,"Mërgim Vojvoda            




            Terzino destro","4,00 mln €",Torino FC
Ola Aina,"Ola Aina            




            Terzino destro","3,50 mln €",Torino FC
Samuele Ricci,"Samuele Ricci            




            Mediano","20,00 mln €",Torino FC
Ivan Ilić,"Ivan Ilić            




            Centrale","19,00 mln €",Torino FC
Saša Lukić,"Saša Lukić            




            Centrale","12,00 mln €",Torino FC
Emirhan İlkhan,"Emirhan İlkhan  




            Centrale","4,00 mln €",Torino FC
Karol Linetty,"Karol Linetty            




            Centrale","3,50 mln €",Torino FC
Ronaldo Vieira,"Ronaldo Vieira            




            Centrale","2,00 mln €",Torino FC
Jacopo Segre,"Jacopo Segre            




            Centrale","1,70 mln €",Torino FC
Gvidas Gineitis,"Gvidas Gineitis            




            Centrale",900 mila €,Torino FC
Michel Adopo,"Michel Adopo            




            Centrale",500 mila €,Torino FC
Matthew Garbett,"Matthew Garbett            




            Centrale",300 mila €,Torino FC
Aaron Ciammaglichella,"Aaron Ciammaglichella            




            Centrale",-,Torino FC
Brian Bayeye,"Brian Bayeye            




            Centrocampista di destra",500 mila €,Torino FC
Ali Dembélé,"Ali Dembélé            




            Centrocampista di destra",200 mila €,Torino FC
Valentino Lazaro,"Valentino Lazaro            




            Centrocampista di sinistra","5,00 mln €",Torino FC
Nikola Vlašić,"Nikola Vlašić            




            Trequartista","17,00 mln €",Torino FC
Aleksey Miranchuk,"Aleksey Miranchuk            




            Trequartista","12,00 mln €",Torino FC
Nemanja Radonjić,"Nemanja Radonjić            




            Ala sinistra","4,00 mln €",Torino FC
Yann Karamoh,"Yann Karamoh            




            Ala sinistra","3,50 mln €",Torino FC
Demba Seck,"Demba Seck            




            Ala destra","2,70 mln €",Torino FC
Simone Edera,"Simone Edera            




            Ala destra",300 mila €,Torino FC
Antonio Sanabria,"Antonio Sanabria            




            Punta centrale","10,00 mln €",Torino FC
Pietro Pellegri,"Pietro Pellegri  




            Punta centrale","3,50 mln €",Torino FC
Luigi Caccavo,"Luigi Caccavo            




            Punta centrale",125 mila €,Torino FC
Marco Silvestri,"Marco Silvestri            




            Portiere","5,00 mln €",Udinese Calcio
Daniele Padelli,"Daniele Padelli            




            Portiere",200 mila €,Udinese Calcio
Edoardo Piana,"Edoardo Piana            




            Portiere",50 mila €,Udinese Calcio
Nehuén Pérez,"Nehuén Pérez            




            Difensore centrale","10,00 mln €",Udinese Calcio
Jaka Bijol,"Jaka Bijol            




            Difensore centrale","10,00 mln €",Udinese Calcio
Rodrigo Becão,"Rodrigo Becão  




            Difensore centrale","10,00 mln €",Udinese Calcio
Enzo Ebosse,"Enzo Ebosse            




            Difensore centrale","4,50 mln €",Udinese Calcio
Adam Masina,"Adam Masina            




            Difensore centrale","2,50 mln €",Udinese Calcio
Filip Benkovic,"Filip Benkovic            




            Difensore centrale","2,20 mln €",Udinese Calcio
Bram Nuytinck,"Bram Nuytinck            




            Difensore centrale","1,00 mln €",Udinese Calcio
James Abankwah,"James Abankwah            




            Difensore centrale",300 mila €,Udinese Calcio
Axel Guessand,"Axel Guessand            




            Difensore centrale",250 mila €,Udinese Calcio
Niccolò Cocetta,"Niccolò Cocetta            




            Difensore centrale",75 mila €,Udinese Calcio
Destiny Udogie,"Destiny Udogie  




            Terzino sinistro","25,00 mln €",Udinese Calcio
Leonardo Buta,"Leonardo Buta            




            Terzino sinistro","1,50 mln €",Udinese Calcio
Marvin Zeegelaar,"Marvin Zeegelaar            




            Terzino sinistro",400 mila €,Udinese Calcio
Brandon Soppy,"Brandon Soppy            




            Terzino destro","9,00 mln €",Udinese Calcio
Kingsley Ehizibue,"Kingsley Ehizibue            




            Terzino destro","2,50 mln €",Udinese Calcio
Walace,"Walace  




            Mediano","7,00 mln €",Udinese Calcio
Mato Jajalo,"Mato Jajalo  




            Mediano",250 mila €,Udinese Calcio
Riccardo Castagnaviz,"Riccardo Castagnaviz            




            Mediano",50 mila €,Udinese Calcio
Lazar Samardžić,"Lazar Samardžić            




            Centrale","14,00 mln €",Udinese Calcio
Jean-Victor Makengo,"Jean-Victor Makengo            




            Centrale","10,00 mln €",Udinese Calcio
Sandi Lovrić,"Sandi Lovrić            




            Centrale","10,00 mln €",Udinese Calcio
Roberto Pereyra,"Roberto Pereyra            




            Centrale","6,00 mln €",Udinese Calcio
Martin Palumbo,"Martin Palumbo            




            Centrale",700 mila €,Udinese Calcio
Matteo Bassi,"Matteo Bassi            




            Centrale",10 mila €,Udinese Calcio
Festy Ebosele,"Festy Ebosele            




            Centrocampista di destra","3,50 mln €",Udinese Calcio
Simone Pafundi,"Simone Pafundi            




            Trequartista","8,00 mln €",Udinese Calcio
Tolgay Arslan,"Tolgay Arslan            




            Trequartista","1,40 mln €",Udinese Calcio
Alberto Centis,"Alberto Centis            




            Trequartista",75 mila €,Udinese Calcio
Florian Thauvin,"Florian Thauvin  




            Ala destra","3,50 mln €",Udinese Calcio
Diego Russo,"Diego Russo            




            Ala destra",-,Udinese Calcio
Beto,"Beto            




            Punta centrale","25,00 mln €",Udinese Calcio
Gerard Deulofeu,"Gerard Deulofeu  




            Punta centrale","10,00 mln €",Udinese Calcio
Isaac Success,"Isaac Success            




            Punta centrale","4,00 mln €",Udinese Calcio
Vivaldo Semedo,"Vivaldo Semedo            




            Punta centrale",500 mila €,Udinese Calcio
Ilija Nestorovski,"Ilija Nestorovski            




            Punta centrale",400 mila €,Udinese Calcio
Lukasz Skorupski,"Lukasz Skorupski            




            Portiere","3,50 mln €",Bologna FC
Federico Ravaglia,"Federico Ravaglia            




            Portiere",450 mila €,Bologna FC
Francesco Bardi,"Francesco Bardi            




            Portiere",400 mila €,Bologna FC
Nicola Bagnolini,"Nicola Bagnolini            




            Portiere",200 mila €,Bologna FC
Francesco Raffaelli,"Francesco Raffaelli            




            Portiere",-,Bologna FC
Jhon Lucumí,"Jhon Lucumí            




            Difensore centrale","12,00 mln €",Bologna FC
Joaquín Sosa,"Joaquín Sosa            




            Difensore centrale","3,00 mln €",Bologna FC
Adama Soumaoro,"Adama Soumaoro            




            Difensore centrale","3,00 mln €",Bologna FC
Kevin Bonifazi,"Kevin Bonifazi            




            Difensore centrale","2,80 mln €",Bologna FC
Gary Medel,"Gary Medel            




            Difensore centrale",800 mila €,Bologna FC
Wisdom Amey,"Wisdom Amey            




            Difensore centrale",700 mila €,Bologna FC
Matteo Angeli,"Matteo Angeli            




            Difensore centrale",450 mila €,Bologna FC
Riccardo Stivanello,"Riccardo Stivanello  




            Difensore centrale",250 mila €,Bologna FC
Mattia Motolese,"Mattia Motolese            




            Difensore centrale",125 mila €,Bologna FC
Andrea Cambiaso,"Andrea Cambiaso            




            Terzino sinistro","8,00 mln €",Bologna FC
Charalampos Lykogiannis,"Charalampos Lykogiannis            




            Terzino sinistro","1,00 mln €",Bologna FC
Stefan Posch,"Stefan Posch  




            Terzino destro","14,00 mln €",Bologna FC
Denso Kasius,"Denso Kasius            




            Terzino destro","1,70 mln €",Bologna FC
Lorenzo De Silvestri,"Lorenzo De Silvestri            




            Terzino destro",400 mila €,Bologna FC
Ibrahima Mbaye,"Ibrahima Mbaye            




            Terzino destro",300 mila €,Bologna FC
Jerdy Schouten,"Jerdy Schouten            




            Mediano","12,00 mln €",Bologna FC
Nikola Moro,"Nikola Moro            




            Mediano","6,50 mln €",Bologna FC
Nicolás Domínguez,"Nicolás Domínguez            




            Centrale","17,00 mln €",Bologna FC
Michel Aebischer,"Michel Aebischer            




            Centrale","4,00 mln €",Bologna FC
Niklas Pyyhtiä,"Niklas Pyyhtiä            




            Centrale",600 mila €,Bologna FC
Kacper Urbanski,"Kacper Urbanski            




            Centrale",600 mila €,Bologna FC
Kingsley Michael,"Kingsley Michael            




            Centrale",250 mila €,Bologna FC
Georgios Kyriakopoulos,"Georgios Kyriakopoulos  




            Centrocampista di sinistra","3,80 mln €",Bologna FC
Lewis Ferguson,"Lewis Ferguson  




            Trequartista","12,00 mln €",Bologna FC
Roberto Soriano,"Roberto Soriano            




            Trequartista","2,50 mln €",Bologna FC
Musa Barrow,"Musa Barrow            




            Ala sinistra","11,00 mln €",Bologna FC
Nicola Sansone,"Nicola Sansone            




            Ala sinistra","1,50 mln €",Bologna FC
Riccardo Orsolini,"Riccardo Orsolini            




            Ala destra","12,00 mln €",Bologna FC
Emanuel Vignato,"Emanuel Vignato            




            Ala destra","2,00 mln €",Bologna FC
Orji Okwonkwo,"Orji Okwonkwo            




            Ala destra",-,Bologna FC
Joshua Zirkzee,"Joshua Zirkzee            




            Punta centrale","9,00 mln €",Bologna FC
Marko Arnautovic,"Marko Arnautovic            




            Punta centrale","5,00 mln €",Bologna FC
Antonio Raimondo,"Antonio Raimondo            




            Punta centrale",800 mila €,Bologna FC
Michele Di Gregorio,"Michele Di Gregorio            




            Portiere","8,00 mln €",AC Monza
Alessio Cragno,"Alessio Cragno            




            Portiere","3,00 mln €",AC Monza
Alessandro Sorrentino,"Alessandro Sorrentino            




            Portiere",500 mila €,AC Monza
Eugenio Lamanna,"Eugenio Lamanna            




            Portiere",100 mila €,AC Monza
Marlon,"Marlon            




            Difensore centrale","6,00 mln €",AC Monza
Pablo Marí,"Pablo Marí  




            Difensore centrale","5,00 mln €",AC Monza
Andrea Carboni,"Andrea Carboni            




            Difensore centrale","4,00 mln €",AC Monza
Armando Izzo,"Armando Izzo            




            Difensore centrale","3,00 mln €",AC Monza
Luca Caldirola,"Luca Caldirola  




            Difensore centrale","1,50 mln €",AC Monza
Valentin Antov,"Valentin Antov            




            Difensore centrale",800 mila €,AC Monza
Luca Marrone,"Luca Marrone  




            Difensore centrale",200 mila €,AC Monza
Sheriff Kassama,"Sheriff Kassama            




            Difensore centrale",150 mila €,AC Monza
Gabriel Paletta,"Gabriel Paletta            




            Difensore centrale",-,AC Monza
Andrea Ranocchia,"Andrea Ranocchia            




            Difensore centrale",-,AC Monza
Carlos Augusto,"Carlos Augusto            




            Terzino sinistro","15,00 mln €",AC Monza
Franco Carboni,"Franco Carboni            




            Terzino sinistro","1,00 mln €",AC Monza
Samuele Birindelli,"Samuele Birindelli            




            Terzino destro","2,30 mln €",AC Monza
Gabriele Ferrarini,"Gabriele Ferrarini  




            Terzino destro",550 mila €,AC Monza
Giulio Donati,"Giulio Donati            




            Terzino destro",500 mila €,AC Monza
Nicolò Rovella,"Nicolò Rovella            




            Mediano","18,00 mln €",AC Monza
Andrea Barberis,"Andrea Barberis            




            Mediano",800 mila €,AC Monza
Antonis Siatounis,"Antonis Siatounis            




            Mediano",75 mila €,AC Monza
Leonardo Colombo,"Leonardo Colombo            




            Mediano",-,AC Monza
Matteo Pessina,"Matteo Pessina   




            Centrale","15,00 mln €",AC Monza
Stefano Sensi,"Stefano Sensi            




            Centrale","8,00 mln €",AC Monza
Filippo Ranocchia,"Filippo Ranocchia            




            Centrale","1,80 mln €",AC Monza
José Machín,"José Machín            




            Centrale","1,50 mln €",AC Monza
Mattia Valoti,"Mattia Valoti            




            Centrale","1,50 mln €",AC Monza
Warren Bondo,"Warren Bondo            




            Centrale",700 mila €,AC Monza
Patrick Ciurria,"Patrick Ciurria            




            Centrocampista di destra","5,00 mln €",AC Monza
Salvatore Molina,"Salvatore Molina            




            Centrocampista di destra",650 mila €,AC Monza
Andrea Colpani,"Andrea Colpani            




            Trequartista","4,00 mln €",AC Monza
Samuele Vignato,"Samuele Vignato  




            Trequartista",600 mila €,AC Monza
Andrea Ferraris,"Andrea Ferraris            




            Ala sinistra",100 mila €,AC Monza
Marco D'Alessandro,"Marco D'Alessandro            




            Ala destra",700 mila €,AC Monza
Gianluca Caprari,"Gianluca Caprari            




            Seconda punta","8,00 mln €",AC Monza
Dany Mota,"Dany Mota  




            Seconda punta","6,00 mln €",AC Monza
Andrea Petagna,"Andrea Petagna            




            Punta centrale","10,00 mln €",AC Monza
Christian Gytkjaer,"Christian Gytkjaer            




            Punta centrale",800 mila €,AC Monza
Mirko Maric,"Mirko Maric            




            Punta centrale",800 mila €,AC Monza
Leo dos Reis,"Leo dos Reis            




            Punta centrale",75 mila €,AC Monza
Guglielmo Vicario,"Guglielmo Vicario  




            Portiere","16,00 mln €",Empoli FC
Samuele Perisan,"Samuele Perisan            




            Portiere",800 mila €,Empoli FC
Jacopo Furlan,"Jacopo Furlan            




            Portiere",200 mila €,Empoli FC
Lovro Stubljar,"Lovro Stubljar            




            Portiere",200 mila €,Empoli FC
Samir Ujkani,"Samir Ujkani            




            Portiere",100 mila €,Empoli FC
Gian Marco Fantoni,"Gian Marco Fantoni            




            Portiere",50 mila €,Empoli FC
Jacopo Seghetti,"Jacopo Seghetti            




            Portiere",-,Empoli FC
Koni De Winter,"Koni De Winter            




            Difensore centrale","4,00 mln €",Empoli FC
Ardian Ismajli,"Ardian Ismajli            




            Difensore centrale","3,50 mln €",Empoli FC
Sebastian Walukiewicz,"Sebastian Walukiewicz  




            Difensore centrale","3,00 mln €",Empoli FC
Sebastiano Luperto,"Sebastiano Luperto            




            Difensore centrale","3,00 mln €",Empoli FC
Gabriele Guarino,"Gabriele Guarino            




            Difensore centrale",800 mila €,Empoli FC
Lorenzo Tonelli,"Lorenzo Tonelli            




            Difensore centrale",500 mila €,Empoli FC
Gabriele Indragoli,"Gabriele Indragoli            




            Difensore centrale",100 mila €,Empoli FC
Fabiano Parisi,"Fabiano Parisi            




            Terzino sinistro","10,00 mln €",Empoli FC
Liberato Cacace,"Liberato Cacace            




            Terzino sinistro","2,00 mln €",Empoli FC
Samuele Angori,"Samuele Angori            




            Terzino sinistro",200 mila €,Empoli FC
Tyronne Ebuehi,"Tyronne Ebuehi            




            Terzino destro","2,50 mln €",Empoli FC
Petar Stojanović,"Petar Stojanović            




            Terzino destro","2,30 mln €",Empoli FC
Răzvan Marin,"Răzvan Marin            




            Mediano","8,00 mln €",Empoli FC
Alberto Grassi,"Alberto Grassi            




            Mediano","2,00 mln €",Empoli FC
Leo Stulac,"Leo Stulac            




            Mediano","1,00 mln €",Empoli FC
Duccio Degli Innocenti,"Duccio Degli Innocenti            




            Mediano",500 mila €,Empoli FC
Jacopo Fazzini,"Jacopo Fazzini            




            Centrale","3,50 mln €",Empoli FC
Filippo Bandinelli,"Filippo Bandinelli            




            Centrale","3,50 mln €",Empoli FC
Liam Henderson,"Liam Henderson            




            Centrale","2,50 mln €",Empoli FC
Nicolas Haas,"Nicolas Haas  




            Centrale","2,00 mln €",Empoli FC
Jean-Daniel Akpa Akpro,"Jean-Daniel Akpa Akpro            




            Centrale","1,50 mln €",Empoli FC
Giovanni Crociata,"Giovanni Crociata            




            Centrale",750 mila €,Empoli FC
Lorenzo Ignacchiti,"Lorenzo Ignacchiti  




            Centrale",250 mila €,Empoli FC
Alessandro Renzi,"Alessandro Renzi            




            Centrale",175 mila €,Empoli FC
Tommaso Baldanzi,"Tommaso Baldanzi            




            Trequartista","15,00 mln €",Empoli FC
Nedim Bajrami,"Nedim Bajrami            




            Trequartista","7,50 mln €",Empoli FC
Marko Pjaca,"Marko Pjaca            




            Ala sinistra","1,70 mln €",Empoli FC
Emmanuel Ekong,"Emmanuel Ekong            




            Ala sinistra",250 mila €,Empoli FC
Emanuel Vignato,"Emanuel Vignato            




            Ala destra","2,00 mln €",Empoli FC
Davide Merola,"Davide Merola            




            Ala destra",400 mila €,Empoli FC
Nicolò Cambiaghi,"Nicolò Cambiaghi  




            Seconda punta","8,00 mln €",Empoli FC
Martín Satriano,"Martín Satriano  




            Punta centrale","7,00 mln €",Empoli FC
Roberto Piccoli,"Roberto Piccoli            




            Punta centrale","3,50 mln €",Empoli FC
Sam Lammers,"Sam Lammers            




            Punta centrale","2,00 mln €",Empoli FC
Francesco Caputo,"Francesco Caputo            




            Punta centrale","1,50 mln €",Empoli FC
Mattia Destro,"Mattia Destro            




            Punta centrale","1,30 mln €",Empoli FC
Herculano Nabian,"Herculano Nabian            




            Punta centrale",450 mila €,Empoli FC
Lorenzo Montipò,"Lorenzo Montipò            




            Portiere","4,00 mln €",Hellas Verona
Simone Perilli,"Simone Perilli            




            Portiere",200 mila €,Hellas Verona
Mattia Chiesa,"Mattia Chiesa            




            Portiere",100 mila €,Hellas Verona
Alessandro Berardi,"Alessandro Berardi            




            Portiere",50 mila €,Hellas Verona
Giacomo Toniolo,"Giacomo Toniolo            




            Portiere",10 mila €,Hellas Verona
Manuel Ravasio,"Manuel Ravasio            




            Portiere",-,Hellas Verona
Isak Hien,"Isak Hien            




            Difensore centrale","6,00 mln €",Hellas Verona
Diego Coppola,"Diego Coppola            




            Difensore centrale","4,00 mln €",Hellas Verona
Koray Günter,"Koray Günter            




            Difensore centrale","3,50 mln €",Hellas Verona
Giangiacomo Magnani,"Giangiacomo Magnani            




            Difensore centrale","3,00 mln €",Hellas Verona
Paweł Dawidowicz,"Paweł Dawidowicz            




            Difensore centrale","3,00 mln €",Hellas Verona
Bruno Amione,"Bruno Amione            




            Difensore centrale","2,70 mln €",Hellas Verona
Panagiotis Retsos,"Panagiotis Retsos            




            Difensore centrale","2,00 mln €",Hellas Verona
Federico Ceccherini,"Federico Ceccherini            




            Difensore centrale","1,50 mln €",Hellas Verona
Josh Doig,"Josh Doig            




            Terzino sinistro","8,00 mln €",Hellas Verona
Juan Cabal,"Juan Cabal  




            Terzino sinistro","2,50 mln €",Hellas Verona
Davide Faraoni,"Davide Faraoni            




            Terzino destro","3,00 mln €",Hellas Verona
Fabio Depaoli,"Fabio Depaoli            




            Terzino destro","3,00 mln €",Hellas Verona
Filippo Terracciano,"Filippo Terracciano            




            Terzino destro","1,50 mln €",Hellas Verona
Deyovaisio Zeefuik,"Deyovaisio Zeefuik  




            Terzino destro","1,20 mln €",Hellas Verona
Adrien Tamèze,"Adrien Tamèze            




            Mediano","6,00 mln €",Hellas Verona
Oliver Abildgaard,"Oliver Abildgaard            




            Mediano","4,50 mln €",Hellas Verona
Martin Hongla,"Martin Hongla            




            Mediano","3,00 mln €",Hellas Verona
Ibrahim Sulemana,"Ibrahim Sulemana            




            Mediano","1,50 mln €",Hellas Verona
Miguel Veloso,"Miguel Veloso            




            Mediano",500 mila €,Hellas Verona
Joselito,"Joselito            




            Mediano",75 mila €,Hellas Verona
Ivan Ilić,"Ivan Ilić            




            Centrale","19,00 mln €",Hellas Verona
Ondrej Duda,"Ondrej Duda            




            Centrale","3,40 mln €",Hellas Verona
Darko Lazović,"Darko Lazović  




            Centrocampista di sinistra","2,50 mln €",Hellas Verona
Antonín Barák,"Antonín Barák            




            Trequartista","10,00 mln €",Hellas Verona
Simone Verdi,"Simone Verdi            




            Trequartista","4,00 mln €",Hellas Verona
Ajdin Hrustić,"Ajdin Hrustić            




            Trequartista","1,50 mln €",Hellas Verona
Mateusz Praszelik,"Mateusz Praszelik            




            Trequartista",900 mila €,Hellas Verona
Alessandro Cortinovis,"Alessandro Cortinovis            




            Trequartista",700 mila €,Hellas Verona
Alphadjo Cissè,"Alphadjo Cissè            




            Trequartista",-,Hellas Verona
Jayden Braaf,"Jayden Braaf            




            Ala sinistra","1,00 mln €",Hellas Verona
Cyril Ngonge,"Cyril Ngonge            




            Ala destra","2,00 mln €",Hellas Verona
Yayah Kallon,"Yayah Kallon            




            Ala destra","1,50 mln €",Hellas Verona
Davide Bragantini,"Davide Bragantini            




            Ala destra",150 mila €,Hellas Verona
Thomas Henry,"Thomas Henry            




            Punta centrale","4,00 mln €",Hellas Verona
Roberto Piccoli,"Roberto Piccoli            




            Punta centrale","3,50 mln €",Hellas Verona
Kevin Lasagna,"Kevin Lasagna            




            Punta centrale","1,80 mln €",Hellas Verona
Adolfo Gaich,"Adolfo Gaich            




            Punta centrale","1,80 mln €",Hellas Verona
Milan Djuric,"Milan Djuric            




            Punta centrale","1,00 mln €",Hellas Verona
Federico Caia,"Federico Caia            




            Punta centrale",150 mila €,Hellas Verona
Denis Cazzadori,"Denis Cazzadori            




            Punta centrale",150 mila €,Hellas Verona
Guillermo Ochoa,"Guillermo Ochoa  




            Portiere","1,50 mln €",US Salernitana
Luigi Sepe,"Luigi Sepe            




            Portiere","1,00 mln €",US Salernitana
Alessandro Micai,"Alessandro Micai            




            Portiere",500 mila €,US Salernitana
Vincenzo Fiorillo,"Vincenzo Fiorillo            




            Portiere",200 mila €,US Salernitana
Jacopo De Matteis,"Jacopo De Matteis            




            Portiere",25 mila €,US Salernitana
Andrea Sorrentino,"Andrea Sorrentino            




            Portiere",25 mila €,US Salernitana
Pasquale Allocca,"Pasquale Allocca            




            Portiere",-,US Salernitana
Flavius Daniliuc,"Flavius Daniliuc            




            Difensore centrale","8,00 mln €",US Salernitana
Lorenzo Pirola,"Lorenzo Pirola            




            Difensore centrale","8,00 mln €",US Salernitana
Matteo Lovato,"Matteo Lovato            




            Difensore centrale","6,00 mln €",US Salernitana
Dylan Bronn,"Dylan Bronn            




            Difensore centrale","2,50 mln €",US Salernitana
William Troost-Ekong,"William Troost-Ekong            




            Difensore centrale","2,50 mln €",US Salernitana
Norbert Gyömbér,"Norbert Gyömbér            




            Difensore centrale","1,50 mln €",US Salernitana
Valerio Mantovani,"Valerio Mantovani            




            Difensore centrale",700 mila €,US Salernitana
Federico Fazio,"Federico Fazio            




            Difensore centrale",400 mila €,US Salernitana
Frédéric Veseli,"Frédéric Veseli            




            Difensore centrale",300 mila €,US Salernitana
Andrei Motoc,"Andrei Motoc            




            Difensore centrale",75 mila €,US Salernitana
Domagoj Bradarić,"Domagoj Bradarić            




            Terzino sinistro","7,00 mln €",US Salernitana
Pawel Jaroszynski,"Pawel Jaroszynski            




            Terzino sinistro",450 mila €,US Salernitana
Sanasi Sy,"Sanasi Sy            




            Terzino sinistro",300 mila €,US Salernitana
Pasquale Mazzocchi,"Pasquale Mazzocchi            




            Terzino destro","4,80 mln €",US Salernitana
Junior Sambia,"Junior Sambia            




            Terzino destro","3,50 mln €",US Salernitana
Wajdi Kechrida,"Wajdi Kechrida            




            Terzino destro",800 mila €,US Salernitana
Emil Bohinen,"Emil Bohinen            




            Mediano","3,40 mln €",US Salernitana
Ivan Radovanovic,"Ivan Radovanovic            




            Mediano",400 mila €,US Salernitana
Giulio Maggiore,"Giulio Maggiore  




            Centrale","5,50 mln €",US Salernitana
Lassana Coulibaly,"Lassana Coulibaly            




            Centrale","5,00 mln €",US Salernitana
Tonny Vilhena,"Tonny Vilhena  




            Centrale","3,80 mln €",US Salernitana
Hans Nicolussi Caviglia,"Hans Nicolussi Caviglia            




            Centrale","2,00 mln €",US Salernitana
Domen Crnigoj,"Domen Crnigoj            




            Centrale","1,50 mln €",US Salernitana
Leonardo Capezzi,"Leonardo Capezzi            




            Centrale",350 mila €,US Salernitana
Michele Cavion,"Michele Cavion            




            Centrale",350 mila €,US Salernitana
Antonio Pio Iervolino,"Antonio Pio Iervolino            




            Centrale",100 mila €,US Salernitana
Grigoris Kastanos,"Grigoris Kastanos            




            Trequartista","1,80 mln €",US Salernitana
Antonio Candreva,"Antonio Candreva            




            Trequartista","1,50 mln €",US Salernitana
Reda Boultam,"Reda Boultam            




            Trequartista",400 mila €,US Salernitana
Andres Sfait,"Andres Sfait            




            Ala sinistra",50 mila €,US Salernitana
Franck Ribéry,"Franck Ribéry            




            Ala sinistra",-,US Salernitana
Boulaye Dia,"Boulaye Dia            




            Punta centrale","25,00 mln €",US Salernitana
Krzysztof Piatek,"Krzysztof Piatek            




            Punta centrale","7,00 mln €",US Salernitana
Federico Bonazzoli,"Federico Bonazzoli            




            Punta centrale","4,00 mln €",US Salernitana
Erik Botheim,"Erik Botheim            




            Punta centrale","3,50 mln €",US Salernitana
Diego Valencia,"Diego Valencia            




            Punta centrale","2,00 mln €",US Salernitana
Edoardo Vergani,"Edoardo Vergani            




            Punta centrale",450 mila €,US Salernitana
Julian Kristoffersen,"Julian Kristoffersen            




            Punta centrale",175 mila €,US Salernitana
Bartlomiej Dragowski,"Bartlomiej Dragowski            




            Portiere","4,50 mln €",Spezia Calcio
Jeroen Zoet,"Jeroen Zoet            




            Portiere",400 mila €,Spezia Calcio
Petar Zovko,"Petar Zovko            




            Portiere",100 mila €,Spezia Calcio
Federico Marchetti,"Federico Marchetti            




            Portiere",50 mila €,Spezia Calcio
Leonardo Dido,"Leonardo Dido            




            Portiere",10 mila €,Spezia Calcio
Jakub Kiwior,"Jakub Kiwior            




            Difensore centrale","25,00 mln €",Spezia Calcio
Dimitrios Nikolaou,"Dimitrios Nikolaou            




            Difensore centrale","3,50 mln €",Spezia Calcio
Przemysław Wiśniewski,"Przemysław Wiśniewski            




            Difensore centrale","3,00 mln €",Spezia Calcio
Mattia Caldara,"Mattia Caldara            




            Difensore centrale","2,00 mln €",Spezia Calcio
Petko Hristov,"Petko Hristov            




            Difensore centrale",900 mila €,Spezia Calcio
Elio Capradossi,"Elio Capradossi            




            Difensore centrale",750 mila €,Spezia Calcio
Nicolò Bertola,"Nicolò Bertola            




            Difensore centrale",150 mila €,Spezia Calcio
Simone Giorgeschi,"Simone Giorgeschi            




            Difensore centrale",50 mila €,Spezia Calcio
Arkadiusz Reca,"Arkadiusz Reca            




            Terzino sinistro","3,00 mln €",Spezia Calcio
João Moutinho,"João Moutinho            




            Terzino sinistro","1,50 mln €",Spezia Calcio
Leonardo Gabelli,"Leonardo Gabelli            




            Terzino sinistro",25 mila €,Spezia Calcio
Emil Holm,"Emil Holm            




            Terzino destro","5,00 mln €",Spezia Calcio
Kelvin Amian,"Kelvin Amian            




            Terzino destro","3,80 mln €",Spezia Calcio
Luca Vignali,"Luca Vignali            




            Terzino destro","1,00 mln €",Spezia Calcio
Salva Ferrer,"Salva Ferrer            




            Terzino destro",800 mila €,Spezia Calcio
Ethan Ampadu,"Ethan Ampadu            




            Mediano","9,00 mln €",Spezia Calcio
Salvatore Esposito,"Salvatore Esposito  




            Mediano","3,30 mln €",Spezia Calcio
Albin Ekdal,"Albin Ekdal            




            Mediano",800 mila €,Spezia Calcio
Aurélien Nguiamba,"Aurélien Nguiamba            




            Mediano",300 mila €,Spezia Calcio
Simone Bastoni,"Simone Bastoni            




            Centrale","6,50 mln €",Spezia Calcio
Szymon Żurkowski,"Szymon Żurkowski            




            Centrale","3,50 mln €",Spezia Calcio
Mikael Egill Ellertsson,"Mikael Egill Ellertsson            




            Centrale","1,50 mln €",Spezia Calcio
Mehdi Bourabia,"Mehdi Bourabia  




            Centrale","1,30 mln €",Spezia Calcio
Aimar Sher,"Aimar Sher            




            Centrale",800 mila €,Spezia Calcio
Tio Cipot,"Tio Cipot            




            Centrale",700 mila €,Spezia Calcio
Emil Kornvig,"Emil Kornvig            




            Centrale",450 mila €,Spezia Calcio
Jacopo Sala,"Jacopo Sala            




            Centrale",400 mila €,Spezia Calcio
Julius Beck,"Julius Beck            




            Centrale",250 mila €,Spezia Calcio
Pietro Candelari,"Pietro Candelari            




            Centrale",-,Spezia Calcio
Daniel Maldini,"Daniel Maldini            




            Trequartista","3,00 mln €",Spezia Calcio
Kevin Agudelo,"Kevin Agudelo            




            Trequartista","3,00 mln €",Spezia Calcio
Viktor Kovalenko,"Viktor Kovalenko            




            Trequartista","1,50 mln €",Spezia Calcio
Leonardo Pedicillo,"Leonardo Pedicillo            




            Trequartista",25 mila €,Spezia Calcio
Emmanuel Gyasi,"Emmanuel Gyasi            




            Ala sinistra","2,00 mln €",Spezia Calcio
Suf Podgoreanu,"Suf Podgoreanu            




            Ala sinistra",300 mila €,Spezia Calcio
Daniele Verde,"Daniele Verde            




            Ala destra","3,00 mln €",Spezia Calcio
Leandro Sanca,"Leandro Sanca            




            Ala destra",400 mila €,Spezia Calcio
Ognjen Stijepovic,"Ognjen Stijepovic            




            Seconda punta",50 mila €,Spezia Calcio
M'Bala Nzola,"M'Bala Nzola            




            Punta centrale","8,00 mln €",Spezia Calcio
Eldor Shomurodov,"Eldor Shomurodov            




            Punta centrale","6,00 mln €",Spezia Calcio
Raimonds Krollis,"Raimonds Krollis            




            Punta centrale","2,50 mln €",Spezia Calcio
David Strelec,"David Strelec            




            Punta centrale","1,10 mln €",Spezia Calcio
Samuel Mraz,"Samuel Mraz            




            Punta centrale",600 mila €,Spezia Calcio
Wladimiro Falcone,"Wladimiro Falcone            




            Portiere","5,00 mln €",US Lecce
Federico Brancolini,"Federico Brancolini            




            Portiere",200 mila €,US Lecce
Marco Bleve,"Marco Bleve            




            Portiere",150 mila €,US Lecce
Jasper Samooja,"Jasper Samooja            




            Portiere",75 mila €,US Lecce
Federico Baschirotto,"Federico Baschirotto  




            Difensore centrale","8,00 mln €",US Lecce
Marin Pongračić,"Marin Pongračić            




            Difensore centrale","4,00 mln €",US Lecce
Samuel Umtiti,"Samuel Umtiti  




            Difensore centrale","4,00 mln €",US Lecce
Pietro Ceccaroni,"Pietro Ceccaroni            




            Difensore centrale","1,60 mln €",US Lecce
Mert Çetin,"Mert Çetin            




            Difensore centrale","1,20 mln €",US Lecce
Simone Romagnoli,"Simone Romagnoli  




            Difensore centrale",750 mila €,US Lecce
Kastriot Dermaku,"Kastriot Dermaku            




            Difensore centrale",400 mila €,US Lecce
Alessandro Tuia,"Alessandro Tuia            




            Difensore centrale",400 mila €,US Lecce
Mattia Ciucci,"Mattia Ciucci            




            Difensore centrale",25 mila €,US Lecce
Antonino Gallo,"Antonino Gallo            




            Terzino sinistro","2,50 mln €",US Lecce
Giuseppe Pezzella,"Giuseppe Pezzella            




            Terzino sinistro","2,50 mln €",US Lecce
Gianluca Frabotta,"Gianluca Frabotta            




            Terzino sinistro","1,40 mln €",US Lecce
Valentin Gendrey,"Valentin Gendrey            




            Terzino destro","4,00 mln €",US Lecce
Arturo Calabresi,"Arturo Calabresi            




            Terzino destro","1,10 mln €",US Lecce
Tommaso Cassandro,"Tommaso Cassandro            




            Terzino destro",900 mila €,US Lecce
Mats Lemmens,"Mats Lemmens            




            Terzino destro",100 mila €,US Lecce
Morten Hjulmand,"Morten Hjulmand            




            Mediano","15,00 mln €",US Lecce
Alexis Blin,"Alexis Blin  




            Mediano","2,50 mln €",US Lecce
Joan González,"Joan González  




            Centrale","6,00 mln €",US Lecce
Youssef Maleh,"Youssef Maleh            




            Centrale","4,50 mln €",US Lecce
Kristijan Bistrovic,"Kristijan Bistrovic            




            Centrale","2,50 mln €",US Lecce
Kristoffer Askildsen,"Kristoffer Askildsen            




            Centrale","2,00 mln €",US Lecce
Daniel Samek,"Daniel Samek            




            Centrale","1,50 mln €",US Lecce
Thórir Jóhann Helgason,"Thórir Jóhann Helgason            




            Centrale",800 mila €,US Lecce
Medon Berisha,"Medon Berisha  




            Centrale",500 mila €,US Lecce
Rémi Oudin,"Rémi Oudin            




            Trequartista","4,00 mln €",US Lecce
Marcin Listkowski,"Marcin Listkowski            




            Trequartista",300 mila €,US Lecce
Lameck Banda,"Lameck Banda  




            Ala sinistra","4,00 mln €",US Lecce
Federico Di Francesco,"Federico Di Francesco            




            Ala sinistra","1,80 mln €",US Lecce
Francesco Di Mariano,"Francesco Di Mariano            




            Ala sinistra","1,40 mln €",US Lecce
Gabriel Strefezza,"Gabriel Strefezza            




            Ala destra","10,00 mln €",US Lecce
Pablo Rodríguez,"Pablo Rodríguez            




            Seconda punta","2,00 mln €",US Lecce
Lorenzo Colombo,"Lorenzo Colombo            




            Punta centrale","5,00 mln €",US Lecce
Assan Ceesay,"Assan Ceesay            




            Punta centrale","2,50 mln €",US Lecce
Joel Voelkerling Persson,"Joel Voelkerling Persson            




            Punta centrale",600 mila €,US Lecce
Marco Carnesecchi,"Marco Carnesecchi            




            Portiere","13,00 mln €",US Cremonese
Andrei Radu,"Andrei Radu            




            Portiere","3,50 mln €",US Cremonese
Mouhamadou Sarr,"Mouhamadou Sarr            




            Portiere",400 mila €,US Cremonese
Gianluca Saro,"Gianluca Saro            




            Portiere",200 mila €,US Cremonese
Dorian Ciezkowski,"Dorian Ciezkowski            




            Portiere",100 mila €,US Cremonese
Johan Vásquez,"Johan Vásquez            




            Difensore centrale","3,60 mln €",US Cremonese
Jack Hendry,"Jack Hendry            




            Difensore centrale","3,00 mln €",US Cremonese
Emanuel Aiwu,"Emanuel Aiwu            




            Difensore centrale","3,00 mln €",US Cremonese
Luka Lochoshvili,"Luka Lochoshvili            




            Difensore centrale","1,80 mln €",US Cremonese
Luca Ravanelli,"Luca Ravanelli            




            Difensore centrale","1,40 mln €",US Cremonese
Alex Ferrari,"Alex Ferrari  




            Difensore centrale","1,00 mln €",US Cremonese
Vlad Chiricheș,"Vlad Chiricheș            




            Difensore centrale",900 mila €,US Cremonese
Matteo Bianchetti,"Matteo Bianchetti  




            Difensore centrale",800 mila €,US Cremonese
Maissa Ndiaye,"Maissa Ndiaye            




            Difensore centrale",300 mila €,US Cremonese
Paolo Gardoni,"Paolo Gardoni            




            Difensore centrale",25 mila €,US Cremonese
Emanuele Valeri,"Emanuele Valeri            




            Terzino sinistro","3,50 mln €",US Cremonese
Giacomo Quagliata,"Giacomo Quagliata            




            Terzino sinistro","2,00 mln €",US Cremonese
Leonardo Sernicola,"Leonardo Sernicola            




            Terzino destro","2,00 mln €",US Cremonese
Paolo Ghiglione,"Paolo Ghiglione            




            Terzino destro","1,30 mln €",US Cremonese
Charles Pickel,"Charles Pickel            




            Mediano","3,80 mln €",US Cremonese
Michele Castagnetti,"Michele Castagnetti            




            Mediano",700 mila €,US Cremonese
Paolo Bartolomei,"Paolo Bartolomei            




            Mediano",250 mila €,US Cremonese
Santiago Ascacíbar,"Santiago Ascacíbar            




            Centrale","6,50 mln €",US Cremonese
Soualiho Meïté,"Soualiho Meïté            




            Centrale","3,50 mln €",US Cremonese
Pablo Galdames,"Pablo Galdames            




            Centrale","2,30 mln €",US Cremonese
Gonzalo Escalante,"Gonzalo Escalante            




            Centrale","2,00 mln €",US Cremonese
Marco Benassi,"Marco Benassi            




            Centrale","1,50 mln €",US Cremonese
Tommaso Milanese,"Tommaso Milanese            




            Centrale","1,20 mln €",US Cremonese
Joshua Tenkorang,"Joshua Tenkorang            




            Centrale",200 mila €,US Cremonese
Christian Acella,"Christian Acella  




            Centrale",150 mila €,US Cremonese
Luca Borghesan,"Luca Borghesan            




            Centrale",50 mila €,US Cremonese
Jaime Báez,"Jaime Báez            




            Ala sinistra","1,20 mln €",US Cremonese
Cristian Buonaiuto,"Cristian Buonaiuto            




            Ala sinistra",800 mila €,US Cremonese
Dennis Politic,"Dennis Politic            




            Ala sinistra",150 mila €,US Cremonese
Luca Zanimacchia,"Luca Zanimacchia            




            Ala destra","1,80 mln €",US Cremonese
Felix Afena-Gyan,"Felix Afena-Gyan            




            Punta centrale","5,00 mln €",US Cremonese
Cyriel Dessers,"Cyriel Dessers            




            Punta centrale","5,00 mln €",US Cremonese
David Okereke,"David Okereke            




            Punta centrale","4,00 mln €",US Cremonese
Frank Tsadjout,"Frank Tsadjout            




            Punta centrale","1,20 mln €",US Cremonese
Samuel Di Carmine,"Samuel Di Carmine            




            Punta centrale",350 mila €,US Cremonese
Daniel Ciofani,"Daniel Ciofani            




            Punta centrale",200 mila €,US Cremonese
Alberto Basso Ricci,"Alberto Basso Ricci            




            Punta centrale",100 mila €,US Cremonese
Emil Audero,"Emil Audero            




            Portiere","6,00 mln €",UC Sampdoria
Nikita Contini,"Nikita Contini            




            Portiere",500 mila €,UC Sampdoria
Martin Turk,"Martin Turk            




            Portiere",400 mila €,UC Sampdoria
Elia Tantalocchi,"Elia Tantalocchi            




            Portiere",100 mila €,UC Sampdoria
Nicola Ravaglia,"Nicola Ravaglia            




            Portiere",100 mila €,UC Sampdoria
Federico Zorzi,"Federico Zorzi            




            Portiere",10 mila €,UC Sampdoria
Koray Günter,"Koray Günter            




            Difensore centrale","3,50 mln €",UC Sampdoria
Omar Colley,"Omar Colley            




            Difensore centrale","3,00 mln €",UC Sampdoria
Bruno Amione,"Bruno Amione            




            Difensore centrale","2,70 mln €",UC Sampdoria
Maxime Leverbe,"Maxime Leverbe            




            Difensore centrale","1,20 mln €",UC Sampdoria
Alex Ferrari,"Alex Ferrari  




            Difensore centrale","1,00 mln €",UC Sampdoria
Bram Nuytinck,"Bram Nuytinck            




            Difensore centrale","1,00 mln €",UC Sampdoria
Jeison Murillo,"Jeison Murillo            




            Difensore centrale","1,00 mln €",UC Sampdoria
Marios Ikonomou,"Marios Ikonomou            




            Difensore centrale",300 mila €,UC Sampdoria
Lorenzo Villa,"Lorenzo Villa            




            Difensore centrale",75 mila €,UC Sampdoria
Arttu Lötjönen,"Arttu Lötjönen            




            Difensore centrale",25 mila €,UC Sampdoria
Tommaso Augello,"Tommaso Augello            




            Terzino sinistro","2,00 mln €",UC Sampdoria
Nicola Murru,"Nicola Murru  




            Terzino sinistro","1,00 mln €",UC Sampdoria
Alessandro Zanoli,"Alessandro Zanoli            




            Terzino destro","6,00 mln €",UC Sampdoria
Fabio Depaoli,"Fabio Depaoli            




            Terzino destro","3,00 mln €",UC Sampdoria
Bartosz Bereszyński,"Bartosz Bereszyński   




            Terzino destro","1,60 mln €",UC Sampdoria
Andrea Conti,"Andrea Conti            




            Terzino destro",500 mila €,UC Sampdoria
Harry Winks,"Harry Winks            




            Mediano","10,00 mln €",UC Sampdoria
Tomás Rincón,"Tomás Rincón            




            Mediano",800 mila €,UC Sampdoria
Gerard Yepes,"Gerard Yepes            




            Mediano",500 mila €,UC Sampdoria
Emirhan İlkhan,"Emirhan İlkhan  




            Centrale","4,00 mln €",UC Sampdoria
Michaël Cuisance,"Michaël Cuisance            




            Centrale","3,00 mln €",UC Sampdoria
Gonzalo Villar,"Gonzalo Villar            




            Centrale","2,80 mln €",UC Sampdoria
Ronaldo Vieira,"Ronaldo Vieira            




            Centrale","2,00 mln €",UC Sampdoria
Valerio Verre,"Valerio Verre            




            Centrale","1,80 mln €",UC Sampdoria
Flavio Paoletti,"Flavio Paoletti            




            Centrale",800 mila €,UC Sampdoria
Simone Trimboli,"Simone Trimboli            




            Centrale",600 mila €,UC Sampdoria
Telasco Segovia,"Telasco Segovia            




            Centrale",500 mila €,UC Sampdoria
Lorenzo Malagrida,"Lorenzo Malagrida            




            Centrocampista di sinistra",400 mila €,UC Sampdoria
Abdelhamid Sabiri,"Abdelhamid Sabiri            




            Trequartista","2,50 mln €",UC Sampdoria
Filip Djuricic,"Filip Djuricic            




            Trequartista","1,80 mln €",UC Sampdoria
Antonio Candreva,"Antonio Candreva            




            Trequartista","1,50 mln €",UC Sampdoria
Jesé,"Jesé            




            Ala sinistra","1,00 mln €",UC Sampdoria
Samuel Ntanda,"Samuel Ntanda            




            Ala sinistra",-,UC Sampdoria
Ignacio Pussetto,"Ignacio Pussetto            




            Ala destra","2,50 mln €",UC Sampdoria
Mehdi Léris,"Mehdi Léris  




            Ala destra","2,50 mln €",UC Sampdoria
Sam Lammers,"Sam Lammers            




            Punta centrale","2,00 mln €",UC Sampdoria
Manuel De Luca,"Manuel De Luca            




            Punta centrale","2,00 mln €",UC Sampdoria
Manolo Gabbiadini,"Manolo Gabbiadini            




            Punta centrale","2,00 mln €",UC Sampdoria
Francesco Caputo,"Francesco Caputo            




            Punta centrale","1,50 mln €",UC Sampdoria
Daniele Montevago,"Daniele Montevago            




            Punta centrale",800 mila €,UC Sampdoria
Fabio Quagliarella,"Fabio Quagliarella            




            Punta centrale",500 mila €,UC Sampdoria
Mihailo Ivanovic,"Mihailo Ivanovic            




            Punta centrale",150 mila €,UC Sampdoria
